motor_current_a,wheel_speed_left_rpm,wheel_speed_right_rpm,tilt_deg,obstacle_distance_cm,terrain_moisture_pct,slip_ratio_pct,risk
2.073192784156178,123.13061256619768,101.95656116656866,0.0,67.67550680338393,14.946535551804423,18.814089713319525,SAFE
1.7239546343558485,109.26486147186867,124.42052180348495,0.4044527427540703,53.5651158731491,23.64324499271978,12.970995548966982,SAFE
2.156228695955381,123.0574375758071,106.33299788531836,14.24906047892963,20.113787381123203,18.042916695663592,14.581636463498505,HIGH_RISK
2.637666421024414,133.5824507259097,113.20862224184867,4.003414094787413,37.30222648314812,25.13607526265952,16.51099307528253,SAFE
1.6712156439021653,121.22150175814261,161.83630225746342,7.910650007657296,48.4313313078374,31.1452944071986,28.697177695253767,HIGH_RISK
1.6712246736779508,121.01479228009705,153.5115262947587,0.04550309166223432,15.102650785647164,50.068780753964916,23.674767638572106,HIGH_RISK
2.6685670485290656,102.45020780483111,87.51046907681007,0.10073526889180595,36.52428354941918,29.219137303297355,15.729296160941294,HIGH_RISK
2.2220891010340997,103.4274770612263,140.74331044697936,9.40992404624971,71.308258454417,6.458737278147332,30.565354493521486,HIGH_RISK
1.5417890877357765,84.93486820500766,140.2849138622898,0.0,90.68263410723041,55.521221236912886,49.15202843127085,HIGH_RISK
2.0984080239722807,163.7394185796735,91.29341778118454,1.9239311604736424,44.514131183536236,19.932377594929285,56.813076960789225,HIGH_RISK
1.5451202689531458,88.90341911521787,140.46944109387152,4.1701370553611605,73.91220885790246,33.943032312116685,44.962618447228344,HIGH_RISK
1.5438486355363588,102.67737005510232,158.44829796031382,4.556863009200262,8.0,43.03765712493281,42.71577614646366,HIGH_RISK
1.933079249361319,102.03981836077006,91.93637984388965,3.104533574919219,71.48628102784029,38.59298753125009,10.417194078853429,SAFE
0.7476958654382111,142.37310942361103,97.06242947464341,5.979098905479615,34.90128963181297,54.69523185538656,37.84791527394929,HIGH_RISK
0.851295192117832,112.6262580426993,145.44153667108756,7.464278779089058,62.68364041769925,43.62205658106966,25.431517841877504,HIGH_RISK
1.490741858917465,151.19355181684335,126.7873827706412,7.67318772729665,48.80618954400727,19.496427565452056,17.559599245480758,HIGH_RISK
1.2429428838160668,103.16273439390329,133.78690688098808,0.0,88.01035024459586,74.21411913184991,25.848675965334678,HIGH_RISK
1.9728360329274006,126.97485405559505,128.51473041001242,2.5792245103560143,33.139108791502046,38.4980023400882,1.2054318046962595,HIGH_RISK
1.300586758463334,99.11632366850607,129.7673980232036,9.97381430938469,70.69015743904578,32.34787592081289,26.78309678657042,SAFE
1.0232329642655897,173.6287281943347,86.83819679222293,8.473235937869362,48.01231341758666,52.35065761500027,66.64226669592766,HIGH_RISK
2.6061068229068547,90.31003952426218,146.18294266553622,0.0,51.04236304975841,39.4901170267413,47.2512144960251,HIGH_RISK
1.6758230347324055,127.74551775567569,149.23974981069435,5.757399501761008,50.403652671019756,42.186107472907885,15.520126571257656,SAFE
1.8371405125783582,135.84442202330246,114.2652313982993,0.0,33.85817238764717,79.85931197481236,17.255783877024374,HIGH_RISK
1.0163884975825987,130.34497743628745,118.91307625465343,4.234674510301848,54.64752585233321,30.04781429140916,9.172743678572264,HIGH_RISK
1.5005895015111497,115.3678085280573,81.72231243610695,13.488835083729885,53.433794446954465,29.280303907686875,34.14224510833591,HIGH_RISK
1.8610074243404264,116.75448250666435,132.8563689004459,0.0,61.03100621016823,37.09841321622435,12.901591659987321,SAFE
1.1669535324177334,121.09528679947773,134.3014360428536,0.0,57.11262864232157,54.28728684045869,10.341674784549724,HIGH_RISK
2.0066339100901196,116.32494995928778,118.44522457501722,7.820148907864297,74.94986374030591,7.882387456572815,1.8062555177081279,SAFE
1.4696487205446573,144.09697791987276,148.10883399676257,0.0,78.08771540118421,0.0,2.7459112127683305,SAFE
1.6395684376136979,175.26307503978379,111.64806922550149,0.8362248505748049,28.734416954304972,24.431925128837342,44.344743720001524,HIGH_RISK
1.4690613632738316,106.06270537480415,134.11514814734,6.982205687908763,76.71931251476927,5.5893867369328305,23.35972477158427,SAFE
2.818753001479916,85.75492551052305,94.50839153269712,0.8285707615529843,25.34158932225364,27.35303574453851,9.711866136442305,HIGH_RISK
1.7925765263941364,117.79294879121863,119.41119622814405,2.820150063945142,69.69639720344338,44.04499453032722,1.364434366687243,SAFE
1.2182589890742548,180.0,115.6411435524291,7.720928551575173,70.49346961757172,18.966520456059257,43.53849783844953,HIGH_RISK
2.252399701656754,99.90813580075672,125.63269805102354,6.107730417682806,8.0,9.317121617935836,22.811445547082037,HIGH_RISK
1.1285359925159377,160.9779201361017,110.76182677916603,5.334091981477009,57.32448116323524,36.24806891087626,36.958960863825155,HIGH_RISK
1.9148749772526155,161.942520351911,116.71318510820831,2.304388603649806,43.28759716599211,50.525782723073064,32.462522286431955,HIGH_RISK
0.7221814318661235,106.16029395730014,140.65117928603766,5.850305576344777,36.030868551615626,4.490478106700973,27.949175032663142,HIGH_RISK
1.0694976731058632,134.22457697963188,109.08089406904456,3.381336599501217,88.77130826747513,49.76418316950772,20.668407333558882,SAFE
1.908273679728018,160.70991557821344,79.83557248153302,6.289028049628923,38.65802148406453,49.71151166728987,67.2424527676802,IMMOBILIZATION_RISK
2.206156618997476,110.52180647531283,163.73959760513551,1.5153398744101088,34.840576772048756,52.1735318388193,38.80807896266181,HIGH_RISK
1.8942525546544837,114.91049099744096,154.53635196726216,3.087155128102294,56.892373500127334,56.93264386769036,29.412748380215458,HIGH_RISK
1.7363934446864677,105.4579771512839,87.69343262235952,0.0,72.13974365746041,74.6362506438731,18.394423887190747,HIGH_RISK
1.6343929674258912,94.63108173267833,137.24269513112986,3.8249619499688206,51.458785349746826,28.590343124857007,36.75414613484267,HIGH_RISK
0.9868129052979149,103.76806137334982,107.42563073621642,0.0,84.1592636417313,36.972288441401446,3.463710801522488,SAFE
1.4040856853829102,89.4014933309436,126.58718038327649,0.0,68.27439154910226,27.50410820153554,34.43299726126769,HIGH_RISK
1.546648675972117,120.85208670648065,127.35560322533735,5.29330573927694,8.0,35.035583205604595,5.240382778344377,HIGH_RISK
2.381417224420404,100.75066922353395,114.13980499209195,5.063698879288301,41.763325912324795,62.591720401453614,12.461358110386083,HIGH_RISK
1.988990059262654,125.84464779476869,100.40585836034009,7.914368674742862,40.95394751620752,10.789739289247962,22.487277369438218,SAFE
0.8303279145504963,81.10260884490933,102.73647369209351,1.844372152124505,66.98402383573556,19.501105901019642,23.535653625588296,SAFE
1.9782461831671374,128.27200580536143,97.09520211296893,6.040264234183779,8.0,59.78925685708211,27.6675599616875,HIGH_RISK
1.588204745771026,140.8382240402231,99.20444479423888,6.753987861368316,118.72524271794305,53.36065712423762,34.68864885408825,HIGH_RISK
1.4276928998317227,70.15660893571362,118.32054274876612,6.223869039157973,68.27565237235525,28.463630357292594,51.10851196826377,HIGH_RISK
2.1364219588624773,129.3514142461893,102.1060002722312,0.0,58.721920097942274,50.379236020172954,23.542485368762975,HIGH_RISK
2.3670497373727732,150.6917248118323,137.0513016428155,4.746817411355945,84.53919291047866,41.141885164856596,9.480975672692255,SAFE
2.3122040655139093,89.75897453271986,157.18115388339817,5.820701480273307,113.59135132031562,62.00494296201778,54.60609402216347,HIGH_RISK
1.3384303622275489,161.81430967094258,105.49866896574892,4.035892334539709,76.76866611471007,36.341172688881905,42.13461014306603,HIGH_RISK
1.629933193281832,130.47547523415113,125.98511251338442,0.0,78.72032741179049,53.46137804970648,3.5017955469922777,SAFE
1.9821948872719601,102.37470360603979,132.49212775757334,4.8024481198674005,58.267250611609555,82.55621438886716,25.6463835073474,HIGH_RISK
2.3365498199172974,118.60577305855735,131.80005677298186,15.06265519698621,51.46185616582629,45.76578479085439,10.538319913159357,HIGH_RISK
1.5364541691850906,133.95817281304306,121.89888169790218,2.1998036562150864,43.10511389987747,35.887906984307186,9.426584807826744,HIGH_RISK
1.6978875628349006,121.90013478531029,138.56706045899307,0.35961451072339434,34.34720020713645,48.00404573397763,12.797715779946998,HIGH_RISK
1.1915157642966845,133.46889981115922,132.05622381701642,5.866742798556991,37.824647507512566,28.42494455233007,1.0640620178157025,SAFE
1.1420863567556312,96.98316017301585,89.05843944181755,5.561891052332859,21.236100891425423,77.98341869944518,8.519299713187847,HIGH_RISK
2.246889202316809,124.23402060090194,141.72890160973182,9.963675827082072,53.103213732874416,38.241278678527664,13.155879671809679,HIGH_RISK
2.5459320157139524,84.6571375773755,142.18227093166854,0.0,12.883310569340331,30.08720023594077,50.71881797998916,HIGH_RISK
1.7603944331308163,117.2193484662825,100.91784739553546,7.656901262874962,59.77291310359277,19.957597909639347,14.946099408991623,HIGH_RISK
2.3519430938406134,97.40230896338025,120.94844588619006,6.9521103062573175,54.09173479894146,54.74996344891589,21.567259466569364,HIGH_RISK
1.9988998137761989,101.61175143525584,137.08322482027674,3.2892673152972693,58.673382459667195,50.609373430899296,29.721172972695715,HIGH_RISK
1.4451841349671817,150.90232938026094,114.76715451051597,5.69343658960845,41.94671074950019,26.047621314546323,27.20310540792183,HIGH_RISK
1.9987675830296276,147.28275301485672,146.8244511941503,9.147287407991787,131.92150925451259,45.37612421220361,0.31165630365227803,SAFE
2.645920111556283,135.22845302267942,179.09681236548403,8.361576900142252,89.00289750450781,7.8459925721685835,27.91271601322352,SAFE
1.7802956784895267,92.69218088318553,100.35034918412543,0.0,23.886437497881932,38.329470351316814,7.934177301001618,HIGH_RISK
2.6605540106977035,112.08978875762995,85.47388492115563,8.100790933777422,60.82170218567246,43.1496143373805,26.944127268810085,HIGH_RISK
0.5,150.3274424994796,127.59546489012189,3.6765569748374074,39.79984642656691,65.73193657206602,16.35847712077311,HIGH_RISK
2.2520463774063733,123.54292284099762,138.0390626281536,4.364370490077577,29.63800683231465,21.125261550883593,11.0834389158389,SAFE
1.8478758875309942,177.98323849954235,114.22834065388078,4.365984955008472,21.498198221901625,11.989652681558162,43.63612012252781,HIGH_RISK
1.635545957243773,129.8329459848593,156.33151658302586,3.2487850560087,65.80541726898134,18.882296703349247,18.519819239875364,SAFE
1.8504684270945264,124.8012279122508,86.53485500691878,9.958537485535324,37.965494123260655,10.941766994331442,36.213761868547444,HIGH_RISK
0.706837096969509,112.27208839493747,137.32296557579028,3.5814102007539397,79.1956506006301,59.0598324396617,20.07321602117224,HIGH_RISK
1.6791804616893684,123.33852261955705,104.85347948102766,0.0,79.84455536326098,62.87550731043266,16.201306766554747,SAFE
1.9964119143314605,116.1882540904864,162.9844476551824,2.0323507201513555,89.34785963028624,40.76389840307892,33.5249064626155,HIGH_RISK
2.6128417246078337,137.70271691721476,169.81288382920297,4.893473584052378,33.69033084814741,56.98330902233266,20.883601894699826,HIGH_RISK
1.514951379949494,143.9175579198646,100.8335853054163,10.146073921485252,66.88414026730025,37.41125085044423,35.206350455974544,HIGH_RISK
1.3553285184087467,100.35026348730126,106.2610716022855,7.015473424744168,70.81135541605752,33.28799034138621,5.721668767515883,HIGH_RISK
1.5240336260285048,86.71917616105554,141.48969717449506,0.0,43.145545622400874,29.00532285703229,48.00034303040162,HIGH_RISK
2.3034711647361408,74.09486567241758,110.32173375526213,16.425949583394456,35.70570106517812,29.41296215520382,39.288077315460065,HIGH_RISK
1.9808131103128266,132.6997831728136,118.86471955169405,5.323876554889898,95.23801664439932,7.1395719864374385,10.99921767282926,SAFE
1.5086318879281286,92.41583484565317,120.63471051356025,10.376953689995073,60.68739689330134,39.7565857449321,26.49031066344253,HIGH_RISK
2.082297088212346,66.17773517618792,72.0081710950586,3.241427832113854,70.89919376779345,34.27398961614721,8.43853917696361,SAFE
1.8533926521414223,129.71446511327412,119.65405634764407,6.666796223527247,34.44809970430181,48.416493033401764,8.06870787595117,SAFE
2.332754744793089,180.0,102.75680564839566,8.197342522592024,24.517888336945155,36.683422935894974,54.63578086085414,HIGH_RISK
1.4138707983674563,119.84822721150266,107.6719294400057,10.09097355877128,40.76375563769724,32.071333371756346,10.703489265038916,HIGH_RISK
1.6197858193712276,140.96226936129105,156.09080008672035,9.286841526891125,51.899465315250076,19.31852545986265,10.18574273852236,SAFE
1.5843405157773134,122.04573396368913,88.5873276430186,8.360985000364888,28.39449982956628,36.2987582627917,31.769377575818357,HIGH_RISK
0.9950667785273347,117.52775867022143,140.33012966869944,2.424566344029457,54.75387978374042,48.28827015469092,17.685998396533243,HIGH_RISK
1.9628661523855169,142.9769120746942,113.02592674170478,1.141269790219693,12.787370298287499,14.419898160490508,23.398947817504308,HIGH_RISK
1.9435803996989391,112.74313639528371,113.00599578760414,5.663037551620988,26.998814438253195,36.57452756625331,0.23287743326292817,SAFE
1.8028124011533535,126.68480785179757,139.75929740129277,8.665640361705346,71.77278120692188,39.19477312753071,9.81405802697416,SAFE
1.6709770766436693,128.04244515490035,128.50128236422225,2.886396496116965,70.09476300694735,22.07483389487124,0.35770682351818395,SAFE
1.0215460918722723,103.29773865892378,134.26532493048828,9.325859828571932,45.20308086532834,24.418586511655995,26.071044718539905,HIGH_RISK
1.5686450724790526,144.80105873841308,144.20461651332153,11.263083727430896,29.555892273076175,39.15099527779186,0.41275468004012533,HIGH_RISK
1.611507015910277,115.62600608261478,111.71729042041693,0.0,29.314911211849726,14.598421670732787,3.4386020809245417,SAFE
1.3587475019281097,101.10637101267888,104.69408163730624,0.0,45.66829385146715,41.29862687448907,3.486591577841821,SAFE
1.711292858583695,133.41274608926008,92.87123683605505,3.2981247054733176,71.11296229113228,18.8836212741344,35.832416178201825,HIGH_RISK
2.0222279712479962,97.53830045522406,99.36473675052612,5.538063340945982,78.20614228360812,54.1313664745979,1.8551631515907583,SAFE
2.8374022456657917,120.70452893422821,180.0,1.3771649311647454,42.58670661295078,77.0808994169894,39.43769738083408,IMMOBILIZATION_RISK
1.8960177970575114,119.77202508389492,151.11698951841967,10.761013394335722,26.162689350380404,19.506377569367245,23.142292780341435,HIGH_RISK
1.9416527148975204,147.14738914578945,86.22314084479947,6.120334307592255,61.69609094665833,44.615741522744145,52.21246084794584,HIGH_RISK
1.7590547463286081,131.86745582199882,86.93855108141074,4.197235241203697,34.41162573435376,21.918645712123652,41.067341227447784,HIGH_RISK
0.7446758315855271,119.3743260313714,132.04665154296228,0.0,42.04368402846994,53.73717512836021,10.08056339121047,HIGH_RISK
1.7854173685029309,140.44415748000716,133.68161993444917,0.0,88.13190226092594,12.22534863646613,4.93389392952533,SAFE
1.8331266154675645,154.75518872543284,133.7220958829341,5.405046251409031,75.6778857141442,43.65056165169883,14.582148380280966,HIGH_RISK
3.1547831618669075,133.94525765879655,113.62610516115755,0.0,58.949357806286294,19.28619859599165,16.414784219139325,SAFE
1.6942014693703826,120.25881549608451,116.86364349992749,9.063187048220358,23.20202497218193,31.274277396229362,2.8636443890910552,SAFE
1.9658510382834868,87.20409419124601,128.19698810398393,3.2092307781383984,60.28491418676647,16.441545047348473,38.06192009430372,HIGH_RISK
1.7809085266621163,93.37215842311568,122.14732515733326,20.215464847973667,81.56643226968816,49.802308476123564,26.703076915527603,HIGH_RISK
1.1572270793092574,112.36938239113331,64.51749068131161,15.539581253080552,45.60915835586161,19.934353620087435,54.104514234048004,IMMOBILIZATION_RISK
2.4285525479832613,104.76219494601793,114.25500923562015,3.092754653762416,88.77785224966789,44.9353566679729,8.668555810555889,SAFE
2.2135631679777257,115.32571742536385,98.71483914349216,3.468314987343425,87.31863223795517,28.80623549127801,15.521243775618792,SAFE
2.235067570873676,121.41624812242767,124.3802854727128,8.97790757001015,96.59332080358683,32.93949730762047,2.4117812460018557,SAFE
1.2998368998628935,133.24231885891828,180.0,12.51586304959019,62.631078163283824,37.65960633320231,29.854000130896097,HIGH_RISK
2.5715368710148545,118.23753054852271,129.1870416368576,0.0,69.6847924951503,21.287155910140726,8.850787124029926,SAFE
1.0289819154642454,132.16254109565506,112.16175784569005,0.0,90.35468220827724,38.78660804373597,16.37232427280317,SAFE
2.122771401590149,121.61186037025301,143.0450375494313,0.8898259722280928,66.18484842672439,62.5460221583794,16.196953374464954,HIGH_RISK
3.0047505941954884,70.61333584115322,132.06719718023032,6.913687915869322,42.46914730524468,20.994293855011144,60.6411088652441,IMMOBILIZATION_RISK
1.2552050211781214,96.51661515453114,130.50236226129604,6.484367952537985,43.786429086803466,56.09258257892921,29.94088643480561,HIGH_RISK
1.4885362487184755,116.39781110695961,135.17126483039178,9.34885727491925,60.96387384434348,61.96575740278011,14.925088589272672,HIGH_RISK
1.8548082507982027,89.7576314289723,171.41358912073855,0.0,22.73596445134453,20.309210197495208,62.53059392983463,HIGH_RISK
1.5230883902360906,134.9982182499051,91.72778911685211,0.0,51.41852711589519,8.809017108370064,38.16979766512428,HIGH_RISK
0.947135112913627,158.26877080859242,131.84080192028637,8.290070976510727,82.41367795575634,40.43529620309177,18.219301514055346,HIGH_RISK
1.8377096361433152,150.46904629243292,96.84047175046155,0.0,8.0,25.146664590196288,43.36960014023382,HIGH_RISK
1.2157329574506424,114.6639282267448,133.8878161585562,0.0,93.36205254486288,68.63485794493404,15.468720993573745,HIGH_RISK
2.06047583684935,157.2681534212488,97.03283721284764,4.725318729796908,83.059355467579,35.62653572899698,47.37324542716498,HIGH_RISK
1.2943166711714083,123.71668643005279,109.56582965987289,7.965878441093387,43.50588460423809,20.560410655366773,12.131947997958862,HIGH_RISK
2.652463922759647,111.57285072204901,112.62275214405234,3.3897143393936138,68.58477069679523,14.351128801789194,0.9365941245782361,SAFE
1.3692106892150697,104.66493341147651,144.39541798361773,1.7107580690875537,55.07869317265816,54.61828926363495,31.90430299290407,HIGH_RISK
1.6228661660868784,112.4382578377968,142.96136109856036,3.2031888392704673,85.74975921096708,24.718688466484643,23.902230855222687,SAFE
2.2474344695533186,110.29557953646928,88.85706558884038,2.1470861879960856,79.56707856924854,35.78891839028771,21.529730558325724,SAFE
1.1230246259613246,124.2604055593872,121.37335277499622,0.0,19.99823192042477,52.20444941202466,2.3506970735356365,HIGH_RISK
1.9251029640322712,124.01434952624662,102.26050363127068,0.4265966150478411,69.68156033660442,26.283349665245055,19.227806883014416,SAFE
2.5189285148553355,120.07615050383536,88.53737723311664,6.606399525069072,49.85930365891881,34.17328108267711,30.236556193505386,HIGH_RISK
0.9158842209913248,130.92345424365874,114.57457373939074,5.6083927068825,57.070814262952496,34.70176862319464,13.318950574541324,HIGH_RISK
1.9015486221927673,149.76615686965854,112.28793028860451,4.840299029834101,36.79570247575461,47.29984120728965,28.603428389513873,HIGH_RISK
1.942935536836633,143.7388533860331,180.0,0.0,98.70342672802089,45.63339803918586,22.40147960907759,SAFE
2.230002579477521,82.87755078875242,130.8239956340174,3.0924841893216644,81.0015454975644,31.037952837413087,44.87234243070157,HIGH_RISK
1.119677109017055,56.15197162745113,85.55956248114407,0.0,36.50572090067582,36.14568310693732,41.503454237052516,HIGH_RISK
1.073748862803648,143.35799778098183,105.88064989572645,4.892383319426949,21.634734827244188,28.30797779257721,30.0734643159097,HIGH_RISK
2.087067861089294,85.82803253961447,145.53458238573495,11.144288539067837,45.3581842255538,8.402976675449995,51.61296250510063,HIGH_RISK
1.9633415702782524,114.38086495268291,172.21106932174814,0.0,65.86256615228264,39.636815433166326,40.357175100181934,HIGH_RISK
1.9377710676902322,90.74717434851601,80.35041719405103,1.0703616334112236,61.00514609865557,69.05945169499522,12.15301403220324,HIGH_RISK
1.9905465152233366,74.9504890604995,73.00189037152387,5.645533893550648,86.32832061920608,19.09305546756087,2.6340890176368115,SAFE
1.4259864031318301,133.5365682051197,166.77412938429455,10.264213172137419,74.7479930545213,21.085465227151346,22.135449350270804,SAFE
1.927739533438552,138.97887900756618,129.7403544342726,1.758876918499253,79.23922564382266,19.326900110412655,6.875968240132053,SAFE
1.9611898603142748,105.58723998183201,98.29268170309084,0.5387483536705182,63.17138501526093,48.04265201701621,7.155739729990899,HIGH_RISK
1.4071067200854976,55.22394269637725,133.36572715306087,0.0,20.267531744725247,43.07273817553592,82.86963386602105,IMMOBILIZATION_RISK
2.8261759811296163,106.34388879368794,54.10630652457806,4.517190646540532,50.10753672132746,32.14632153650378,65.11376588291762,IMMOBILIZATION_RISK
2.0606081065014834,129.79510013506365,120.08438766492903,14.21038020071872,81.50224349771663,18.47565689049863,7.772316612003964,SAFE
1.1447830765385434,83.02721078064678,128.19552932107712,5.386792309823379,53.71192678688385,36.662782249518635,42.76842400461,HIGH_RISK
2.1611044847486065,124.58399799447889,143.10675348844575,3.8886051040814333,67.57725921559367,6.836801707955523,13.838920763124221,HIGH_RISK
1.2639250813749732,119.6172537706751,94.65260119268656,5.610411553834927,47.03129211884667,37.581678203434876,23.302066996085184,HIGH_RISK
2.2328965320583487,134.4822874900272,122.14217903508397,3.9445399802569896,29.254703786453874,50.68743894958281,9.617250157038889,HIGH_RISK
2.4372275684540723,122.98950921035383,96.86438434851031,0.0,51.916398398847235,12.478415540593797,23.765896922674894,HIGH_RISK
1.3486247249065593,95.67327647796111,126.38459389185793,8.116399578388528,62.72618607581635,7.4146710170660555,27.660643023144964,SAFE
2.329856871084377,149.91428754161228,97.6163419409244,5.128807615558772,38.60780701346391,63.42988205050747,42.25573676277304,IMMOBILIZATION_RISK
2.0270295098150743,116.03676067432575,109.79747902099449,4.088066259668286,49.10721887858329,23.988326488917473,5.525540911554301,SAFE
2.2521330879969694,119.3173865122517,95.10461513024427,0.0,31.513418950350434,55.447061226988794,22.58422288434485,HIGH_RISK
2.843236140459671,96.6683010231701,136.27840604559142,10.517539659673796,82.98112293910239,32.22804202643903,34.00786859865691,HIGH_RISK
1.6650365361984212,108.91794372021224,141.46127791641663,7.323513726665549,47.63860606029915,32.08481329505611,25.995235533908634,HIGH_RISK
1.3854451096033809,97.87993214932747,114.13448575106466,1.23539581316349,91.31888862815458,42.89142859093961,15.33344171845317,SAFE
1.310767063705962,115.67634850191442,120.95594987400071,9.009124268409685,93.2186962635227,19.08802057856407,4.462282966714114,SAFE
1.351304343269009,162.7927120035586,83.7852146341614,1.512145808073964,52.97385088195641,37.384948582921616,64.08318736938483,HIGH_RISK
1.7575940598222428,85.7024714267161,112.50808379983033,0.08998253744481532,29.78878168631626,28.13319053316633,27.047613425507567,HIGH_RISK
1.9876335861491543,79.66096505308147,118.74488457395638,0.20148441259856487,8.0,11.231118018709434,39.39795081076958,HIGH_RISK
1.9521799396315105,156.77925818734022,180.0,0.0,18.19907317433021,41.07467734507518,13.789888330796652,HIGH_RISK
2.2549507869698133,114.76690807120335,92.2008243556459,6.357711902091029,20.6541293775335,30.26045947619751,21.80637865714957,HIGH_RISK
1.8071510405328488,103.27318153350208,156.60443096881093,0.0,89.46174068653761,32.17355308799526,41.04335800363271,HIGH_RISK
2.5994437424365247,145.9976171849019,144.9214693366452,0.0,57.89561468067365,13.21710301854516,0.7398262253081868,SAFE
1.6544387417191242,104.8596115065784,127.01591011225341,0.0,64.74011310229969,63.64520661973047,19.1105110629975,HIGH_RISK
3.2960930416242906,165.65024283867342,163.96551210487834,3.5696515360455345,8.0,50.78085535495009,1.0222392033922019,HIGH_RISK
2.1441170412707535,136.94814678348172,129.30263681517158,3.2483976986406398,25.05083926956846,52.35480591509561,5.743089177033173,HIGH_RISK
1.3285633439710445,107.80221479635743,129.72897989169823,2.36651893406818,77.17699441115718,29.501995356049726,18.462219351135516,SAFE
1.2110091260663882,173.93270533163758,118.67198367456136,0.0,62.16935280956466,3.874707988938436,37.77158995282232,HIGH_RISK
2.0653598283837518,104.85712692491654,150.5892220604657,0.0,51.31986803286007,70.15251288481119,35.805636148016454,HIGH_RISK
1.6770954680707821,138.5523843002327,147.4117308452721,6.321849317732871,69.12105896500306,33.90024485589437,6.196124671469065,SAFE
2.1927002717506507,127.4823145101623,104.35806781259468,1.2472403414575615,95.89494515339538,21.521603671639035,19.948420086173908,SAFE
2.0602806935154496,152.54353223496994,87.01882013503081,5.5817916076807235,49.473938411573734,42.50242834069605,54.703680650736906,HIGH_RISK
1.75994409803872,159.0377799181713,114.92548406510858,0.0,56.734245066451734,56.00817418405936,32.20307366155116,HIGH_RISK
1.3342634550623773,120.80010372664417,99.99903589005883,4.905313713855412,59.81492296828263,34.58508999046161,18.841620372882804,HIGH_RISK
0.9668340264227744,101.16455324134542,118.41188563461613,10.516390186580319,114.80274088184981,58.014353022908736,15.70963850362261,HIGH_RISK
1.5544167763631385,131.4993035734779,150.93595336710348,6.930829001963916,8.0,54.49399889330363,13.763614361867472,HIGH_RISK
2.27101933687791,103.05711575619735,108.56745862283024,1.9379309089175982,72.08057536972021,15.62513862676295,5.207658782352625,SAFE
1.9177515592716121,170.33468118816558,118.92941546721063,5.285994851779637,52.12994378102341,22.871778098129425,35.54209894371939,HIGH_RISK
1.1148436717084067,123.41338327706843,121.45056837020988,2.796674127348935,69.16929315460449,52.23566893903582,1.6031881325561146,SAFE
1.89524950921815,110.86696121719729,141.2107720551321,4.03940092347364,38.56568615013189,0.0,24.07496326155331,HIGH_RISK
2.0119245588508603,124.61700764662271,63.827766650384866,2.371944739257482,53.77587422853875,32.3097975230302,64.51677020284787,HIGH_RISK
1.3138784100893768,86.32184276175758,104.83249263086758,3.178323970573044,72.78526448663737,9.245038370755907,19.367229972670707,HIGH_RISK
1.8845488082700403,95.7096490372337,125.28209230698681,5.060466765370876,132.82275502609602,26.422031574196556,26.763392233459587,SAFE
1.8320147951453,150.01034769861064,150.00197391067152,0.0,75.20090473505178,29.621238397474325,0.005582296016512492,SAFE
1.1713663361931572,103.5776430257151,107.70243881234487,0.0,33.79836004923729,28.55160119766486,3.904576097041932,HIGH_RISK
1.9967830481915558,93.82722543295151,73.08618234895314,0.0,44.40600794943242,25.059297461973046,24.852458960156625,HIGH_RISK
2.108431489502529,133.41631881318216,135.4927861491534,0.0,43.66464729040365,15.251414306681347,1.5443637256254916,SAFE
2.3956781837464023,149.64260386657492,104.11594027935926,0.0,10.108920684249625,76.25440280273635,35.88187640376253,IMMOBILIZATION_RISK
2.3795911286191966,137.97383276662666,90.25833352274097,4.797312534020646,46.747745207464064,68.61431607490431,41.813123907686936,HIGH_RISK
1.0422818476235998,144.90119214514542,104.3913652571694,0.0,73.32072704554362,14.082815235386906,32.49982856295241,SAFE
1.2841962280466825,101.08012278576348,115.38686605860376,6.568072321155482,23.14419702308012,63.47810152346421,13.218406510127387,HIGH_RISK
2.083269396964763,84.45473333145391,104.88138338654468,4.173568743762809,81.2120662762648,27.809621171488647,21.577130036436394,SAFE
2.082582273001715,157.53334129888717,64.86084857252328,0.0,67.19437052710845,37.32537451997079,83.34074984598081,IMMOBILIZATION_RISK
2.0832762274683265,111.93300402894661,142.4266549221783,7.274877921108449,36.644166950724056,33.86106872185552,23.97679806536541,HIGH_RISK
3.9190023198600965,113.72917458862382,151.87187603196804,8.05399322795855,51.46175906655382,23.124524457428613,28.72180012407454,HIGH_RISK
2.113989780881242,153.20485354622645,136.28804978348765,0.0,94.95804519102583,52.70934218491064,11.687197556944342,HIGH_RISK
2.4245611020993296,133.9057502350165,91.55785823937958,6.1009577144749585,73.33869533764664,37.26595755037984,37.565168305594646,HIGH_RISK
2.3247009699212615,131.3971943020402,114.96271165131205,0.0,55.21959137245369,26.422074382053655,13.341848453083905,SAFE
2.158265188218189,174.1250586225271,119.83696711926355,4.488351883741677,49.057917075975396,11.517390011591495,36.935445227166134,HIGH_RISK
1.62660191544781,103.91204424049643,134.96985973904776,0.0,56.91522676129149,18.91528975305583,26.00265234089131,HIGH_RISK
2.217433071271297,143.19600320203094,136.70851221795203,0.0,42.20591105144241,5.455157919162257,4.635502913802402,SAFE
1.3749461320043355,121.42532812242712,101.64565503053761,2.0859140519351564,8.0,35.22002387147305,17.73397222024717,HIGH_RISK
1.6697497662929952,126.71480697158142,122.049888910339,3.3813552686258195,106.05444776336827,13.460019338880876,3.750466314928132,SAFE
1.533050048693993,158.2117106603133,131.43201011538102,2.0116015319269795,58.883124979985034,30.219910774666257,18.491476682604134,HIGH_RISK
1.8450307766624774,132.6958939072406,156.39555805366916,0.0,64.95368162806344,59.66183336498668,16.395963274371177,HIGH_RISK
3.07306221167043,133.45740197624082,137.61266349561808,2.0005046893443144,53.55230625307728,56.58739231258854,3.065821017266578,SAFE
0.7730041440745385,146.81268343274505,139.72641718438797,5.3464737629036705,36.6220799818853,34.41901590615288,4.946107692175375,SAFE
2.1774431047059823,110.87618176142787,122.09566569823403,3.775534849387315,50.35188797628073,33.4324749294233,9.63162206862678,SAFE
0.9130062708456915,99.01975831652484,155.2614786300876,4.912505152996067,15.015130945142218,68.83774188957815,44.23583980391834,IMMOBILIZATION_RISK
1.5404374738158118,93.87977014947415,130.24406989898745,0.6494239977288356,111.9271624513326,44.3736101664568,32.450184453068765,SAFE
2.3989228283320516,70.84108526559996,98.47280224566074,9.858589573580797,24.1372000394401,29.099483722222587,32.639634451985586,HIGH_RISK
1.8353540105025046,171.40517824850804,155.08424925312977,0.0,29.20084290382051,9.331673891831862,9.997830018735534,SAFE
1.2072403721388816,92.41979085695792,137.4475818134757,6.437801485433593,43.99351989033999,42.08971792696538,39.177191989813366,HIGH_RISK
1.4065829599070174,114.4686594103557,108.92389947178795,9.909455464799809,87.20189312130944,49.92782790649152,4.96414022589985,SAFE
2.173778761914072,113.07966750277699,108.01267581501892,6.4045404637444765,55.36272498156635,23.63027255875441,4.5835976151148925,SAFE
1.3982983525555748,127.68516744522752,127.41438862851905,2.9873788646758497,24.096605099238438,40.241649592484585,0.21229266007048025,HIGH_RISK
1.9190522242700863,140.3934303134824,131.5796198816896,1.3585147666851043,86.35845901893349,28.455680691529476,6.481385141261516,SAFE
1.8250645119470976,141.51183720899363,124.93230664078015,9.18043825523128,73.27501566963704,31.68741681441795,12.445032815254008,SAFE
1.4416198088168006,105.42306403577653,127.78271683607213,0.0,68.46087393041131,0.0,19.17589925661635,SAFE
2.979169249128929,115.82195715533972,162.4989343644095,0.0,72.89335602927102,31.00793473310956,33.54184226285986,HIGH_RISK
2.148655462274906,127.06449876220749,146.78857880587213,2.012211172541393,114.85904751456127,52.44864744334498,14.404862796373907,SAFE
0.6861715773383159,113.78272184541132,124.7658897816256,10.188268787559991,109.62737237590281,23.63475399980195,9.208326857408936,SAFE
1.9025498731231854,160.18363940049983,143.53276451918708,5.89883818020448,37.832116424917615,35.94547462787569,10.964751766069119,HIGH_RISK
1.4360174443773865,132.27437379095628,94.18690241181152,0.0,95.59712482027881,21.392887279545434,33.63707210149446,SAFE
2.2688383341379232,138.37194465124543,129.94817624867022,2.448461473075482,64.57920474397251,41.48795017326991,6.278894310514492,SAFE
1.3641135938620146,136.57203171668533,165.23265874332776,0.9283842795185278,67.47739540344374,31.102582444348876,18.992830749553743,HIGH_RISK
1.7368949571932055,149.33684643713312,114.54885261519065,0.4510550388323247,12.693229208916783,18.093652267723876,26.36595612939573,HIGH_RISK
2.0777430034392514,124.52553896759267,98.80915178452288,8.894447792783897,50.7403558652951,58.9859264179723,23.029460489515273,HIGH_RISK
2.276165356793567,87.57920130110384,103.69777778517349,0.0,34.67941024158588,51.72077624357988,16.85365019990117,HIGH_RISK
1.139836976119323,129.99219879381604,92.7591740664403,12.043904278671867,75.70147037233274,24.111678249292854,33.430119194582005,SAFE
1.6160243202874784,103.71607765520427,100.38095229680741,8.141148450923115,81.77701251007012,43.96018956952,3.2681762779017776,HIGH_RISK
1.538780078861474,106.78458295625607,110.73729753524927,9.45430835301849,8.0,44.67341605076685,3.6343144607446116,HIGH_RISK
1.4406689220844584,134.65910046887734,84.86082452053395,1.6853024398737086,54.44912839989324,46.56142223020117,45.3701648729567,HIGH_RISK
2.7709998321546037,150.95707678584088,120.39045834874008,3.250296404604453,83.04653761985631,4.503393872088601,22.52949776893355,SAFE
2.022739941028526,120.53178941840154,142.55692934466617,0.0,50.33302594216388,53.1189177385873,16.743507688066256,HIGH_RISK
1.1065138251157252,127.72082531497409,97.30609549632699,1.3766879646659849,73.22659112505912,24.745418667336835,27.03208105856075,SAFE
2.304824070880127,162.55537361588094,157.98209809104424,6.468274238215754,63.7791366906771,28.559097198057195,2.8535044595460928,SAFE
2.9671859083569485,126.0188294872142,132.76980221318988,10.480315308906981,63.541505798815656,82.4818715406836,5.2173642107982365,HIGH_RISK
2.3678558933031306,180.0,145.76451464060142,0.0,48.217125548292564,40.43372085297821,21.018547951527967,HIGH_RISK
0.9643465187252926,134.1377411407886,103.55413615369658,2.172470315073671,24.58547989660726,28.04619544195084,25.733824256182615,HIGH_RISK
1.5336712599235618,75.98093102110457,141.36313067666538,3.2435038988373885,26.961746314374313,0.0,60.164698446170306,HIGH_RISK
2.4968011320526426,138.8335405276133,92.70165249011717,0.0,72.73381286138293,60.0157544110344,39.84870501648832,HIGH_RISK
1.4107817939096705,129.52895962206944,142.2561875209127,6.956746208792001,55.486456387972076,10.786225925445155,9.365653739825348,SAFE
2.0441006854804256,152.24381885206864,124.29598349483828,0.38004834128695464,51.53719388481938,16.938099737008937,20.21252284122995,SAFE
2.226048729386135,136.82953378174895,133.8312804996196,3.02304824411488,44.402748941941184,29.035658616418715,2.215505994164701,SAFE
1.2901882406320544,116.53860040040566,90.61013485937872,1.7402531404406116,47.37027886298121,60.49541225060527,25.033670139004382,HIGH_RISK
1.76726105416601,89.39254409276586,97.62325394308488,0.05330747140162817,81.17279486220349,48.91831975998367,8.802154616628908,SAFE
0.5,114.77441856784937,134.9307054563346,3.9647750725972264,46.61889795329933,32.15892482287532,16.144071506144265,SAFE
1.2365867972661406,98.7369886447675,96.29129989439498,2.921952107159888,21.473382167460784,40.54925714549878,2.5080348791364253,SAFE
1.6610875167337618,105.48691375488193,131.58015730247809,2.140710588606672,73.59129438850434,24.193057528320097,22.013385014811035,HIGH_RISK
1.113719249919333,134.71446011051523,85.82155483849385,0.35769189159828585,49.87808340338207,37.51376641217632,44.340064168953155,HIGH_RISK
2.6978262171623992,161.74761260878515,141.2043553166667,5.597623353914777,55.78489663831941,36.32006140600646,13.562055683476256,HIGH_RISK
1.0134222421216519,129.86678824557453,89.18691713078726,12.268086342461425,95.18945765998777,52.43785812226436,37.141459027040085,HIGH_RISK
1.5579755323166589,90.1029234491204,133.8074984419881,4.699436164195637,54.485986066237324,52.40920620390109,39.037553164114875,HIGH_RISK
1.8719073175073504,131.11506670550352,135.64077334115,8.980591074555644,62.229591827968136,43.891592879701605,3.3931453083501193,HIGH_RISK
2.5927003089863634,149.91578716614129,102.58070453926062,0.0,25.52691271754187,28.47774396417016,37.493655699666874,HIGH_RISK
1.0102758168513084,104.75542739201545,134.55066417711816,4.788807196468848,49.508263691226,48.352801299022275,24.901360922101816,HIGH_RISK
2.4397400636852278,116.64957083317705,126.5110565833389,0.0,70.23815113021503,33.34456760834516,8.111087600765119,SAFE
1.8056281835607728,120.36720486822993,106.52895359518155,0.0,16.11565665396894,15.525541363163608,12.19787180775905,HIGH_RISK
1.260170241923627,100.377542172944,94.78613289809479,0.30314296270481833,60.02112732789274,27.740819745603105,5.7299692402430535,SAFE
2.054156910844799,136.20701084609647,70.93435770818553,9.959496672067864,57.51977681612016,36.521485708117844,63.0223248919069,IMMOBILIZATION_RISK
1.9094828325654085,116.97629628480546,128.74125118249233,8.750079143348227,56.03218638968598,51.383884105965414,9.575998962184546,SAFE
1.469880717562663,130.4883110976757,80.87993071594863,5.215023610271999,80.92897246645609,31.696492901171244,46.940240365408975,HIGH_RISK
1.8383911467445104,97.8126955549475,122.38360498603271,0.0,63.36096287121303,13.23442319768709,22.31727723918993,HIGH_RISK
1.588077521726032,109.06354249191475,113.41379459794378,3.018596743060316,91.9517974589111,36.02135029934275,3.9107373028938825,SAFE
1.8624345398881865,138.05953394569428,136.9785693859549,5.508500044508677,30.160262110149095,37.04220872101794,0.7860471306667832,SAFE
2.164171870986576,110.67917119770583,112.4488625127534,4.877681147892989,58.3981141804587,38.34507732024956,1.5862563619809387,SAFE
2.6723092488799436,163.17409628083513,111.76380534132272,0.0,57.111669659748685,51.557687287179746,37.397747372179076,HIGH_RISK
1.1192014756452329,110.00909535963494,138.29676760720739,0.0,28.268637656122998,53.34061832161817,22.784538318654086,HIGH_RISK
2.9731683560609468,125.61711814379714,128.37645072710293,3.679611179256417,78.90737505228365,24.30420429713,2.1727578344381673,SAFE
0.726351710262624,143.31477079682725,127.90389892956945,6.6814545475859495,113.11683264632045,23.909417755119016,11.364167431987013,SAFE
1.7165181977304291,84.54085667667421,131.73168974521315,0.0,54.574848137904226,16.276423202801485,43.640151141960295,HIGH_RISK
2.1235744635665172,75.9797797004806,81.61069691982235,3.1893801226007077,67.62552720684417,47.578682065048575,7.1462658659365825,HIGH_RISK
1.954545527254268,81.85859213574763,138.91971699967456,4.715243849394762,57.11296189538318,61.07876195007888,51.6908794957085,HIGH_RISK
1.4575152640986735,151.56460258567955,135.31171985034007,8.248059942581065,37.1603832523206,29.32852529763938,11.330933551662682,HIGH_RISK
1.6855327623034986,106.20354635268883,94.58292178558757,7.464287921187184,9.480993054949593,30.654249834950125,11.57510730165186,HIGH_RISK
1.528849485937642,180.0,113.89798815814497,6.912856594044026,37.35566292261587,61.40208602418157,44.98296314045259,HIGH_RISK
1.4758493836806836,105.89381003356529,119.01731780930922,0.00029746649032924566,20.201040476206714,44.10004135787014,11.669949727798407,HIGH_RISK
2.2672811533615636,124.61378257992592,116.63758038995668,0.0,97.60255195147795,42.85224268641899,6.612358240616429,SAFE
1.996358517280776,158.5527488141969,128.34649916421336,2.034736214692995,52.12225765191902,13.563502892472918,21.057043448407097,SAFE
1.4188997226066402,170.1523222039781,155.7841695457796,9.0081591260428,46.352016773820736,47.217105247029544,8.816535136071742,HIGH_RISK
2.294779931488288,171.53758941590996,147.04416819182072,10.967272637622157,77.22884561969515,18.275545870824352,15.376537192847033,SAFE
1.969014736482135,150.20915576482855,87.19452016421485,7.552745511488927,26.9562224286028,14.587636653170755,53.08648684904769,IMMOBILIZATION_RISK
2.247074165361428,145.60156314528655,135.5517497576512,6.146704114008672,35.82839904988619,28.75811161819918,7.148991618750604,SAFE
2.1462958630579867,134.81317373002958,153.22333298838524,5.898198241929827,56.70180673121553,24.45573097792358,12.783212425467639,SAFE
1.3440527439928602,139.45902690416594,129.67021301723005,1.2194062661960974,80.71922478558702,31.01120550106929,7.274433569384644,SAFE
1.4919004278916668,106.22035709178667,147.27451062964917,3.3496985322319,67.54212612921971,9.062330578551464,32.39052049209666,HIGH_RISK
2.2110114828177942,99.54502791444233,170.30676114251912,12.345347629131656,61.20812856289705,52.258693516418106,52.44488722892261,IMMOBILIZATION_RISK
2.135703645988406,119.9156385647262,145.59273865267454,0.0,56.95294338090041,55.29835330129572,19.34183799174344,HIGH_RISK
1.7885041233197185,115.74538443687679,126.23271489104322,12.073893953549257,65.00589638816938,0.0,8.667999693603983,SAFE
1.86453006081983,108.66929876681812,146.12721185211885,2.389859227539708,60.04132262823136,52.6122405019979,29.402218259826345,HIGH_RISK
2.502715692683634,137.40968618641787,123.62219582742227,10.627160545475393,29.250693130576607,20.410484663210724,10.56383630430598,HIGH_RISK
1.4746357361402935,143.88263021426278,120.5975760821239,0.0,56.15198054082878,50.425559665690145,17.608163921382275,HIGH_RISK
2.100903559643521,122.21017215729618,111.21464410715669,6.929521005823245,28.157783527056186,33.76796313200452,9.421044622506962,HIGH_RISK
1.6887940411613582,156.93825202638155,159.0853339708027,0.31614932026189013,57.02706357252059,35.51796015345798,1.3588112024273342,SAFE
1.6802753382250288,91.45777214666238,99.53928335144997,0.0,42.98380146279396,31.668242310418062,8.462445856781766,HIGH_RISK
2.4043272685929544,115.15851351800704,158.30919311695288,5.0926702120547285,118.48454056957154,56.81832567620275,31.558153706642806,HIGH_RISK
2.2539789919434163,102.07944198492987,132.4966030935093,9.047358942979844,54.0026404062072,12.687415774549493,25.9337317230396,HIGH_RISK
2.2474302998003512,73.3365845731735,85.01734562995146,0.0,19.89401084346028,45.94112609723015,14.752726429706838,HIGH_RISK
2.5180133439348813,117.93298285393251,129.19123232478555,0.0,51.64549473307689,54.823942968011906,9.111409387955902,SAFE
1.8115521128980174,116.95631229041791,67.4993373087094,3.5407761783252245,67.9839686409472,47.89412144972739,53.62478741008159,HIGH_RISK
2.17507413421223,157.83624358105328,135.6377004207759,3.5628233561140945,96.83409865381309,76.84458045782151,15.128118604041402,HIGH_RISK
1.6293532838735991,135.77029211386943,142.13078707472476,6.741598137772494,40.26369000153204,25.47895827095542,4.577524477002021,SAFE
1.9782914938686433,94.39532939176988,105.19110110869866,8.747972856822441,15.439300649408999,52.23148680668356,10.818141984761272,HIGH_RISK
1.7284213200977736,166.35231415835472,123.08869239888956,3.7029240936375296,75.42092528577453,33.09036856385443,29.89460427467707,HIGH_RISK
1.853347780745995,150.5258423881338,168.85393584375714,13.277516573971315,20.485032352508718,57.20130937434805,11.477303639628628,HIGH_RISK
2.1273363639903025,134.5524425867154,107.35633239345158,5.121173722676459,44.09611396231287,34.86159807701535,22.4845999864978,SAFE
1.34997862422159,114.3378975287542,93.52731032358498,2.267867469965502,48.55948786222515,28.018235926475548,20.02315579426105,HIGH_RISK
2.9508130016270036,96.014019081913,157.04158506156497,0.0,53.2591636674973,58.50929966968933,48.232534652779655,HIGH_RISK
1.246690440175164,110.69483059822367,169.06467976326988,2.686702398419161,72.2291114268584,26.15188509765926,41.7285897373949,HIGH_RISK
1.1321962629667475,147.21871549260464,120.09239179619618,2.318065272944319,37.909142942840305,9.570936339789988,20.295695133312506,SAFE
2.436960980425037,167.1146576483652,145.2865758852089,8.801523981407351,48.15676869583098,25.696756102871085,13.974388971681465,HIGH_RISK
2.235414481679615,158.58108820680474,153.53689788827202,6.31241812033427,54.643241176265285,46.14259303859359,3.232233029336645,SAFE
2.1432658993786853,107.77876445534315,101.4378941865404,0.0,58.7399489379697,60.05669752856764,6.061534784050273,SAFE
2.145590030095354,92.00956416777473,107.8673541158033,4.861271932055187,57.44567936769807,37.000328755337215,15.867554977538845,SAFE
1.793264274934197,123.5221561727801,150.77186282886836,7.357655858645267,65.9001443805645,58.72754721021246,19.86897618494882,HIGH_RISK
1.3065100956827926,75.78901586092871,162.12535696771272,11.640156796939163,76.09598774104343,10.552851413403317,72.57765899580016,HIGH_RISK
1.8416925070065495,128.07919285461955,134.07202150435887,8.437519837070298,64.8158528912742,27.02125763327775,4.572039587451999,SAFE
1.4275610586683385,116.30993534253328,98.00464116244865,7.804233271557389,66.33963808773046,29.80564789122618,17.082640367823146,SAFE
2.336315853379763,108.34908745329395,169.676527792486,4.300429973075818,15.444420831338057,32.937930305494646,44.11639573927564,HIGH_RISK
1.7191184401738238,80.13242331833011,106.72572755470088,5.941560027117248,56.25569247914201,36.513698988503535,28.46362774342208,HIGH_RISK
1.3459765417641187,132.84000266424292,111.6215554707137,10.247524503530794,66.98768870004021,47.436397233059466,17.359332367353588,HIGH_RISK
1.6232377870908536,106.68247900845222,128.55844586224055,0.0,73.22352986426125,26.993476912931175,18.59877643808203,SAFE
2.0271122998515936,90.75207910724279,158.85401051786937,2.2528033639152203,37.69123064415514,37.50251636515626,54.567523983817935,HIGH_RISK
1.489951495957814,48.19344466795877,141.3493994138056,0.13715625621879646,38.524018127783876,34.18778797416707,98.29540671623722,IMMOBILIZATION_RISK
1.3477787824384628,119.3121273737341,130.37163750904776,5.895765593630621,40.64748311791004,18.3339817299593,8.858813980561152,HIGH_RISK
1.9340279663205517,164.3062899167436,131.58221325295267,10.151110878253938,68.41034749728358,32.95399959653416,22.119194435224948,HIGH_RISK
1.9347316141097977,161.53148036369674,121.08786671608665,1.0151285663946306,80.84702637310522,32.414128461851874,28.62055557448646,HIGH_RISK
1.5211812535458786,108.5725935853432,133.95348786296265,0.0,44.81349731770996,32.02854982994517,20.930445192575593,HIGH_RISK
1.5409289319099224,104.94469849095549,56.760998057642425,1.9388962748776493,77.69905784067622,35.57167021846611,59.59431419143885,HIGH_RISK
1.9276274655467,131.7193564018756,112.58481352325504,8.567368660087034,58.086995229114855,36.36212373104095,15.664524174503052,HIGH_RISK
1.0035536121764719,95.04036402029271,126.03304837291952,6.688149514749398,51.89285557093909,27.218686776068054,28.03836428552672,HIGH_RISK
1.0258949240928947,127.54479749548665,91.22464790951233,6.140931239052881,49.71539425455077,57.90886521148276,33.20404229094818,HIGH_RISK
1.40485567831116,139.15200695961727,129.658082945289,2.6000334906276015,73.66528411505394,13.9493486743457,7.063666410503274,SAFE
1.682604066558484,150.67333059710768,114.88821947534696,0.0,63.139445419676754,22.022538047541865,26.950521347685513,HIGH_RISK
1.9709991610789026,117.49614808800118,163.88689245788726,6.576471608122337,111.89563569119093,85.039345236024,32.97337627732443,HIGH_RISK
2.6114459193222537,114.90815624557585,159.3254931303714,0.0,33.6943839250669,16.31615561019386,32.39379046726958,HIGH_RISK
2.271712792761111,98.05043533108598,108.35486077204592,14.920483666902282,67.9525425507494,10.632415855224345,9.984652172695478,SAFE
1.7120338085201152,99.3279911490035,116.22905721083262,6.85253604177258,41.76997475471218,48.22058141002192,15.681292901743252,HIGH_RISK
1.7895410856535212,114.33802770246183,118.15131085979019,1.096758487230245,33.26782532528391,0.0,3.280394000783224,SAFE
1.2486088494492051,129.18413767040445,108.70851309600943,0.9430737630568591,54.728321574125694,30.7650696204961,17.214171609277653,HIGH_RISK
1.7898177752041855,142.83961565583124,124.87562460070316,3.535278966932059,58.4338119851759,73.6248486513768,13.420222948767751,HIGH_RISK
1.641237748593924,99.92052623299138,101.04294827781024,2.8024903898912514,127.9543388765023,7.191153401238793,1.1170408429204706,SAFE
1.9774952081859494,157.31721422398806,91.73461662656185,9.584168877649772,50.396354607919946,0.0,52.66582251048039,HIGH_RISK
1.3450229810462224,113.22190997393578,135.56778059750673,4.932080848720232,26.745531762882912,8.014738364761431,17.963662860985067,HIGH_RISK
2.085640582832645,119.46581764128909,135.73823960554526,0.34184130545735947,61.82526793735964,51.17047223024574,12.752479047398074,SAFE
2.6430064021514177,101.31970802130442,99.89210600850019,13.452203425778913,8.0,55.24598095974463,1.419004167014532,HIGH_RISK
1.7401819183487284,59.39399349317646,142.383885769065,4.246541657601113,52.701080434893356,25.77340165438684,82.25866242555794,IMMOBILIZATION_RISK
2.020941447154418,142.10113490902626,104.21055677086672,7.844198379844483,55.40063205737901,47.297823272019244,30.766365883599377,HIGH_RISK
2.179579195441112,138.42109742731083,126.32913095094953,0.9588674627762037,74.86500957363029,60.02459589521581,9.134622130776759,HIGH_RISK
1.57932874046279,112.96681107204466,140.5086003153114,5.815578138722617,79.34055623569617,67.17223545973687,21.731330145611587,SAFE
1.9232508649957292,121.6747679306218,119.15968588240717,5.555549955715976,42.410759527307064,30.565964938762733,2.0886397343855116,SAFE
1.8069258204299872,132.89848044260248,131.36852280352835,0.0,51.234649634251674,0.0,1.1578877576699709,SAFE
1.8537218542018574,80.93635357783643,107.08925890281071,14.076375552303201,35.846979234733226,20.224179396625637,27.818449816421808,HIGH_RISK
1.3748446188794934,106.77368306634263,115.08833541429757,10.453222304612735,26.79843612980765,27.317524491165365,7.495336430179002,HIGH_RISK
1.8134805958424185,139.8566169905457,114.8535142279915,2.014023419270062,62.747369484515865,30.33910166158897,19.632593837503805,SAFE
2.0738990601849974,88.64276442076877,101.33554133649403,0.0,23.16036128508502,31.61853078184305,13.362343521415493,HIGH_RISK
2.598128984287273,127.33894830416573,115.58064592210545,5.73780806901776,44.63432748570342,55.14010276275205,9.680818395495779,HIGH_RISK
2.327598954346864,86.08545488441487,81.28454252840633,4.433488497071983,30.120651002519065,57.93971168037646,5.736885260465171,HIGH_RISK
2.9842503516313563,131.66074956083816,107.72115632144738,5.778344742816147,68.7420796572565,31.9098742293539,20.001171894055275,SAFE
1.3779588404115728,119.10896294256291,112.87811266575822,4.957886980970448,100.0357524816622,54.77272776893274,5.371721903443136,SAFE
2.2797763501963733,79.62170460236226,113.5955061876155,6.5312049465296305,22.46030042991672,41.43790459935961,35.16643413529234,HIGH_RISK
1.9008381031560935,149.1184838614293,113.96256385323053,11.236528496959032,8.67453792756077,36.16110751152629,26.726303786298743,HIGH_RISK
3.00439161326972,101.63521058004878,118.45589500349678,6.840516025643231,51.87782786624832,51.31779482797935,15.285201443147775,HIGH_RISK
1.3554359430546667,99.74368907464047,131.9860379521516,0.0,55.39244489894396,36.300536868282485,27.827546591623392,SAFE
1.3381529868005733,125.01422993077357,141.86292685331307,10.81281426356226,60.46648266893244,72.04060118775972,12.626556072141245,HIGH_RISK
1.4703340450057878,148.71593373571787,103.75586932879332,12.203072817441438,43.84198711914138,9.108598997697936,35.61590946885773,HIGH_RISK
0.6318573516296062,94.60445452554008,89.91997861527139,19.760283672560426,49.9840175293642,25.726923816343678,5.077350278804479,HIGH_RISK
1.5108347380755816,121.54199624619929,93.94888969392242,0.0,64.18776026351506,32.7226598548289,25.609534650986713,HIGH_RISK
1.3824770361454661,130.72041250826433,107.81992697012683,5.214410065751375,81.01077231612098,42.91014842824383,19.200513915770635,HIGH_RISK
1.8827165825619143,137.3276401815786,111.20196705458727,0.0,8.0,57.8232887678556,21.02419379125751,HIGH_RISK
1.9879657866774378,124.41103888193064,100.75009834506356,6.765745781896046,45.77651402421344,34.56082578974918,21.01689556933931,HIGH_RISK
2.8318939615687375,110.82430402291695,87.59708339375264,1.2589985091661369,60.34521984852658,9.39986630888827,23.412013121739683,HIGH_RISK
2.3227331110023277,99.31024448378201,108.5969793131453,13.617228974124766,32.0505973847316,50.16525013619008,8.93353743055515,HIGH_RISK
1.4827029893856782,122.15359707615937,124.53566550284928,0.12692514990709025,98.2792407941825,48.58925779055536,1.9312299220376428,SAFE
1.305871930758403,93.19652470035983,134.8757366458891,0.0,39.114752994281574,0.046544131170691116,36.54912850822643,HIGH_RISK
2.0705555443285784,46.96623791263481,106.06442367229197,1.6436812964874017,53.96768282481793,34.93152559392561,77.23705190526108,IMMOBILIZATION_RISK
1.073871736138647,130.9139951039417,109.67505444641415,0.0,68.90055242105727,6.377447047754636,17.655783334463173,SAFE
2.8073023212198946,142.59837102715488,96.83254227881723,7.75549727253655,40.21788027995264,23.036280244962875,38.22883863776843,HIGH_RISK
2.448692066396708,60.92668911145404,119.21402074063059,0.0,8.835673804889574,18.749439314669605,64.71311418394751,IMMOBILIZATION_RISK
1.5419533913424124,94.75673238225156,98.78928414522963,4.142287905915794,44.28363682708667,49.566764568355744,4.167021192508501,SAFE
0.8577760090000174,135.47885652512994,134.32819533103,0.0,80.73601389817601,37.10294313509931,0.8529511635695733,SAFE
2.544629805790977,171.43738674279246,75.35333770164722,2.3985109773167905,46.577621830371534,11.859361986391502,77.86682360728413,HIGH_RISK
1.7370030851110603,120.5198426918852,111.00925818868843,12.21689077902267,33.83914246352553,50.84118733323216,8.215454961838663,HIGH_RISK
2.480798971585404,101.79992646927164,127.52768347979355,5.803239457178975,78.14180523756804,9.19149516928854,22.437557358432485,SAFE
0.9230647876630981,115.427588972379,124.59586290806261,0.0,46.730627599423684,40.942048228476985,7.63948177884754,SAFE
1.470343737375425,154.37191047870462,180.0,3.84398255530458,42.24597965874457,20.347807952751996,15.329092377768719,SAFE
1.8028840348450008,103.85089552188661,128.7450006141977,4.0900843602222325,58.73640224158274,28.41781251445064,21.40545513128602,HIGH_RISK
1.825839326570608,100.02019983374366,94.89863507894975,6.363151729217028,74.26875524046969,44.07687346469091,5.255074253945671,SAFE
1.552463990686416,107.93141194544918,117.61339382277318,0.0,114.54283829331365,44.38608918307152,8.585417734934255,SAFE
2.142567462791124,96.16678479353219,75.59384166333871,6.962836369236653,75.68090269143558,59.06544332400728,23.955365737280125,HIGH_RISK
1.212808763839573,123.06675789986988,117.98500626758099,0.0,83.9959991597086,33.519433405913844,4.21631565306344,SAFE
1.7216912832382887,160.616961461739,99.17359857498103,0.8505772381809482,42.35084502530361,40.516115533340134,47.30222905564643,HIGH_RISK
1.8661625974415443,128.07698182790074,142.88475688900405,1.5586307877422767,29.353297350763093,27.120728196722155,10.929790405998368,SAFE
2.0829413587323122,113.69116244684281,106.26149313511164,7.166634130356192,56.558283740478075,38.27581788721036,6.755698668037111,SAFE
2.1913881829488897,112.7047182771114,117.08085210511884,4.113154263384346,57.67924788148991,42.91074886415321,3.8088847970114794,SAFE
1.181446849489172,80.92022978258358,104.11105396488992,0.0,28.03718146588507,33.23042274582123,25.06692242805455,SAFE
0.9562372060954077,142.07774442867898,163.4712837963333,0.0,50.617636752399676,2.532491286335066,14.003343091570686,SAFE
2.50272225204418,118.05407007467996,111.9689308470522,4.993400047737034,64.98294004297827,40.966476133956114,5.290896304494597,SAFE
1.9827727065887755,115.48800216023436,165.81392608698005,3.6046632906772187,64.009834875452,41.56210659239822,35.78071735257936,HIGH_RISK
1.3883324048938954,180.0,140.35379405295666,1.1043794518212677,67.60719633460681,22.75687742573688,24.751513285021094,SAFE
2.653133586537388,127.46882270914216,132.05166818338466,1.5958310524401034,62.27411825343607,11.881033350694743,3.531779289166312,SAFE
1.8636210488610723,101.2052237476204,129.218328682938,7.480839985796445,42.32478351824861,61.56582470907138,24.314445845339332,HIGH_RISK
2.4486134512351048,109.34106009486142,129.84493245540628,1.4115371356539268,42.15248433377892,43.846019196099235,17.14470997396366,HIGH_RISK
1.83713516477556,148.71114272991886,71.80818551635974,3.5595437798546334,25.0262150501531,30.876541443409224,69.74713538730988,IMMOBILIZATION_RISK
2.9334113586850927,122.83176026344411,113.02791514623108,14.849682940402714,99.61937597962736,14.533408103345227,8.313286364177593,SAFE
2.765437463343763,84.04305054206583,141.12894927960804,0.0,55.33625911548233,20.207333088415773,50.704260549936656,HIGH_RISK
1.6630697183365095,142.98072336438008,118.77757041314736,0.0,49.378673605128704,58.44662714215217,18.492749629399228,HIGH_RISK
2.3343640230248957,103.29639786152515,84.87025382991062,7.917948323993033,31.780197963688533,37.47791493562483,19.584919927076722,HIGH_RISK
2.1549567722718312,166.83244440543865,118.68988873556326,0.6067846935294838,128.39144755819444,25.08943279398728,33.72244485414789,HIGH_RISK
2.552747356642792,147.00120164286622,162.6026379063873,2.408812361286899,28.16679919442761,44.17440616204381,10.078322210884018,HIGH_RISK
1.2692920966809424,108.81695260853122,151.172292888368,0.0942181093444292,44.278801859848166,20.340832625966172,32.58237870484679,HIGH_RISK
2.1773283029991415,152.0254090433778,118.44989976584921,2.700999296162437,65.39592090715152,62.01517454504681,24.827042013812978,HIGH_RISK
2.3821334677672734,121.69638776318509,143.78623192645216,11.992690560481707,70.00532414360694,59.35040962814105,16.641273307526667,HIGH_RISK
0.8326932824672871,141.3193418780555,110.83732449079871,8.010642293090598,78.94830138039211,26.60166671835002,24.17704661646166,HIGH_RISK
1.1492078180338237,132.11832043236188,77.40321032933203,8.311117559434885,100.19021269423158,23.683935553444513,52.228627677660356,HIGH_RISK
0.6784223022319447,98.84108362522817,96.88835029676113,0.0,67.6539413865178,0.0,1.9953394738221357,SAFE
1.6518262410554931,103.91125419206345,159.07221921270494,0.0,28.59923000083331,8.331546112075376,41.95013801170771,HIGH_RISK
2.1946482406877794,145.74902043952903,113.15017295426739,0.0,48.57637187195546,10.889544050760389,25.182656661025167,HIGH_RISK
2.6262963786528157,111.63061669733648,113.91540051562455,0.0,62.695809312847125,37.43342613777295,2.0260023621971377,HIGH_RISK
1.8407521292308764,109.90878841895008,112.50404509312798,8.783515931928292,106.7056510376456,29.127793320055527,2.3337292486199717,SAFE
2.6957385500642106,96.12193551626618,167.60341473932516,6.584732578741855,20.054863039392572,10.783961226525655,54.20903159577354,HIGH_RISK
1.0409441979818097,130.58997663983652,160.64897288405157,2.8924336852393804,85.06441263063068,29.939047235637968,20.642154006773428,SAFE
0.8631396583546649,171.5631229810786,175.46950583620335,3.888498581409735,59.49785923866042,44.096068657652275,2.2513058028220843,HIGH_RISK
1.7694487656068598,93.31167714364318,116.02386973999872,0.5555722871229722,75.94576338073702,44.50110829848057,21.699317611814866,SAFE
2.011235996916619,120.60548641681895,127.39061221867738,5.023794412008921,52.4501320841017,0.8059349445401409,5.471961727777967,SAFE
1.782017888548249,155.30551388538572,82.08393626448023,7.829391397403074,33.93918424684184,32.69125735129104,61.68899045402405,IMMOBILIZATION_RISK
0.6629068449780677,118.00896521885713,156.92336065295686,0.0,73.7718194850333,10.099866014511012,28.308344834098122,SAFE
1.7509839782679664,131.30929490624334,90.80551121830163,5.498238439186741,71.36077567764053,51.23111654852493,36.4710344120241,HIGH_RISK
1.0825417747223307,93.440161796328,125.41938909406572,8.662174354773336,79.30142414349305,49.11463549436297,29.223515416746082,HIGH_RISK
2.1683199018565213,130.7076774301912,92.5674368091789,1.9244985551831522,54.66738411553412,18.835509926159748,34.16434540942409,HIGH_RISK
2.0016290353532664,115.32139337488628,105.2783293315326,7.5035030606029185,40.00444941700377,21.2111863567928,9.105237232523006,SAFE
1.2830661175199545,144.64324989199656,99.0684392237575,18.073272222362764,16.03032512440396,26.69719309103047,37.40059480412752,IMMOBILIZATION_RISK
1.5173731954648186,149.6846512891188,104.80311848310456,3.4782860350655405,75.48433170348517,0.0,35.27205479947818,SAFE
1.2174325629610765,180.0,106.52193242127554,5.966535250026618,65.59723706109965,41.04742712193038,51.28966355754508,HIGH_RISK
1.7655264964997555,134.49082933033938,106.29328012687307,0.3097145816930422,30.85543417840102,30.088798165877648,23.421436960296617,HIGH_RISK
2.3253282762756813,128.14490791455415,140.8333477945077,4.906255813010252,41.535658167584394,52.46315148622146,9.434546927598403,HIGH_RISK
1.257850674515451,124.8596075394334,92.378430173437,6.30135812491152,43.331029701213986,15.228634076674052,29.90376612490644,HIGH_RISK
2.0772255835348146,111.17084267973279,125.51353567534667,4.97421170135069,17.925389200439547,23.85578693150123,12.119678616132953,HIGH_RISK
1.5083583098951576,128.4620960865423,150.44897880763895,0.0,34.55794008487166,7.882545355295925,15.7662313907316,HIGH_RISK
1.3639199422557107,112.61496474652427,107.1700908871651,5.031808856627253,26.654241079841146,16.922769857103443,4.954726192516025,SAFE
1.7411333020249933,124.21152440674035,102.05202773130995,11.310979693588184,44.688024702801584,13.72432407077206,19.587332087768356,HIGH_RISK
1.2306167226693443,152.939938390199,114.23688437049373,6.243178822572636,36.53256254176093,52.92752621923602,28.97186486446929,HIGH_RISK
1.4954928820590498,94.83643586800898,149.49313020901775,8.809935945359205,14.324876978331282,22.431286722474937,44.74013949157331,HIGH_RISK
1.1411671590761334,148.49696402822613,124.85269077383394,2.814940149936861,105.56475576423703,37.23516232540304,17.299654738187726,SAFE
2.8805988231040143,152.92787668349663,106.71964263481004,7.749501197118553,86.31351827573077,28.14625873048752,35.593048737769045,HIGH_RISK
1.8193949535844507,117.04828682522303,132.096916279701,5.39633919108263,35.52451446200036,12.149625211769369,12.080208060951863,SAFE
1.415150970604078,66.95362752478513,92.44269625408941,0.0,61.810534916340245,31.970592382910432,31.98200325455994,HIGH_RISK
1.9176889509038222,104.80445032263918,137.0339877610737,5.5926050239943725,65.43662724553238,45.78385997354471,26.653775713915408,HIGH_RISK
1.7382195726700436,152.42486366402773,130.2151826925442,0.0,84.77714636933692,13.26033093421966,15.715876966326507,SAFE
1.6784667202567274,119.42829844252795,112.3047882215279,0.8355986255760404,34.53487433349804,49.564030233164814,6.148030325360504,HIGH_RISK
2.137791685023884,95.01744419262724,99.03535503881923,4.946641536461871,82.30266959956066,19.705023413401467,4.141049098085763,SAFE
2.216629240526018,107.38062696929457,97.83297694291358,5.486221366900621,41.302367394826625,26.306289330688866,9.305084891414456,SAFE
1.5082243688142098,141.01550066261382,133.37043340864776,0.0,21.603439895784668,44.55229621418086,5.572492103024887,HIGH_RISK
1.483299967645426,133.66833920503447,150.72451256222655,9.269928855914381,73.10341398286243,23.058149170049216,11.994797514214852,SAFE
1.6487215665665957,114.02669752075764,104.06730632428012,6.860031391502364,87.2689606030607,35.676347468045584,9.133117849084886,SAFE
0.5339433593954284,110.82938970463282,131.4596675887871,0.4763578219455811,119.69772433826712,29.335565081814337,17.029475548431687,SAFE
0.9666449157907963,110.20604627390445,67.82432453494829,0.0,25.006868372744663,37.328624120668735,47.61178842284215,HIGH_RISK
2.5517808470944887,96.93974538753744,105.38455673357001,3.2754771045928432,72.47299212701972,0.0,8.34779733081957,SAFE
2.704732242425706,160.38439223673606,119.22352667822746,1.7702814306941992,44.754968905161675,2.0657273262545104,29.441845365636272,SAFE
1.663030178243992,111.9419882697165,97.25791457545415,4.565702285265114,74.58396776310079,46.08740610884308,14.038317890740199,SAFE
2.117106329680672,150.4289630206374,96.5873406302601,2.1844166942221674,18.237761219218733,53.669265301682906,43.59357790931115,HIGH_RISK
1.9711875849989449,158.0329012980613,103.30551108827785,0.0,23.430755607535897,18.611239336432618,41.882392802539414,SAFE
3.4933844446503812,144.95777245369902,127.30481820815933,2.058265308494208,35.6031294208379,30.607489660919583,12.967594411429156,HIGH_RISK
2.415766201289017,109.20949218204879,115.31677453984064,2.4719044446584353,56.974101141702114,40.304946552241425,5.440149561972329,SAFE
1.7296453246855785,130.09325225841525,64.0442191668757,7.168305123870294,38.972968336541115,47.477916829856674,68.04356995754618,IMMOBILIZATION_RISK
1.2744527576697657,119.3951098402271,66.98249618412335,0.5090016269447517,71.47635859783549,0.0,56.24346698525141,HIGH_RISK
0.9164545238583351,97.4074534817468,104.82837055357061,12.39337336686283,80.67236545644786,19.051275554389214,7.338874907274448,SAFE
1.9119049997269728,128.10898204304007,131.4421646513388,0.0,69.9894385311339,29.01357116270225,2.5684206375119936,SAFE
1.3840070900936332,90.52400522100494,51.312378931869134,10.555837489013122,95.4696909915217,47.656523550248885,55.29135069725514,HIGH_RISK
1.0177604597212793,149.69198471153908,107.50674559620924,2.8784051456094764,65.39566573638358,79.97174870698692,32.80361381633071,HIGH_RISK
1.4443849136666105,108.38456756754017,106.84380358706447,8.297924361717781,24.577582241495822,30.895896917425077,1.4317480285802358,SAFE
1.2051485980120829,125.02899139682098,154.70844445521118,4.399007420293666,89.08441283845849,9.674405682128203,21.219507477068046,SAFE
2.7279278992899108,127.08219678865355,110.37445470717842,9.697777680127345,39.87109410985006,42.24082538962337,14.072246008883353,HIGH_RISK
2.284901866322198,113.52737565739807,129.57472461852322,2.063190177235944,77.76046249213925,58.77792421173278,13.202147528064451,HIGH_RISK
1.7956150472758605,134.66734503688187,123.53142850218659,0.0,94.34335541387766,36.94425417763102,8.625847738978738,SAFE
2.6139692763895144,108.12740858443689,66.73583800481998,11.102521436355316,66.41720026825998,18.68032618722273,47.341647129362975,HIGH_RISK
1.8425525692061901,141.7824324364311,139.20518041579342,3.432596770589294,17.59602967088376,52.24389094664034,1.834423940953644,HIGH_RISK
1.326293689269455,86.35050799383129,125.3849126364072,5.1077923681210535,32.04469583725521,46.94382113297183,36.87092554130861,HIGH_RISK
2.6377182424983117,123.1594894886603,132.70671599186474,10.173759570223975,88.06861167212838,16.53054480447876,7.462670957482986,SAFE
2.096400524026562,168.47322497645712,180.0,0.0,50.77193285892959,41.86566111561815,6.615587194293984,HIGH_RISK
1.229514615120449,94.99171688486064,67.89717651253528,6.977454488196287,56.98933837355415,52.95078021785971,33.26751113254049,HIGH_RISK
1.6953137270540155,103.05637573687872,163.1174162440277,1.0505262176855457,73.97061040409024,56.27402076606009,45.12919176615057,HIGH_RISK
1.3184099606383834,132.84769624147287,112.81381201499111,3.339153221778141,72.40807155200808,33.80391844442979,16.31015324188837,HIGH_RISK
1.0394601479696153,124.48954454848995,127.18322261007523,4.361394826921445,61.969995309636516,28.55456996877226,2.1406194178237405,SAFE
2.309397651142403,128.76575248183897,118.86219386746895,0.0,49.783290719488356,57.09092879746272,7.998740659424531,HIGH_RISK
2.8501791522585718,132.2296782536916,109.3940916650489,0.10581478589782645,47.183288856691064,13.217110946344068,18.90177162314985,SAFE
1.0307878343994723,135.86803671404425,105.75417679403103,10.755364462065696,76.44747063228357,42.894427236578096,24.92640017057603,HIGH_RISK
2.109633080179814,147.7424960489056,128.23771838932524,8.430955942923978,68.83923827669483,10.339520707440272,14.13491014149919,SAFE
1.4421465869829952,130.2454664232128,82.07065758320803,3.6868021133638256,48.56749998455526,54.176772900672844,45.38026404301529,HIGH_RISK
1.5320810389294173,113.96855863453644,138.76447918804413,5.215617292564465,82.05280782482852,30.355180718999094,19.622223328724058,SAFE
1.4741833416686219,136.81434253006827,109.59513987786865,2.5287874718177115,51.774147121755405,57.834498241654444,22.092658436851526,HIGH_RISK
1.3248050766761013,167.4970483723804,91.74826652399105,10.78291692913991,33.70844564164017,43.845429614399485,58.4379176755179,IMMOBILIZATION_RISK
1.826686895369655,116.68415634043566,108.74967855010466,2.9982371110291806,36.02573252741638,12.982035858885261,7.039296292132543,SAFE
1.3429774359739293,95.63676738323396,151.42873042156432,5.15921046067424,30.53147909225585,60.64329917739038,45.163702365605516,HIGH_RISK
1.9487512541789114,147.6770167321743,106.61662282459443,9.730150720710325,48.18974958490782,62.922414795699126,32.29368534670999,HIGH_RISK
1.7723690398029748,116.99047090116004,128.9613404552405,0.11314257577046716,85.84310695840483,50.88115686678588,9.734321116044866,SAFE
1.6685785742234747,65.68326134964909,101.72609310711317,11.79394592248447,34.87262047423728,21.29141842934804,43.05951943297537,HIGH_RISK
1.3008399858771211,141.18554192876053,138.9480462480905,0.0,59.71189402545257,29.49174882156664,1.5974490565247634,SAFE
1.482775768187417,106.61679535115194,137.1376934697551,12.148210655563993,38.58276635931467,37.61768991330367,25.042327028510798,HIGH_RISK
2.2154651742041658,117.73666794239598,166.2152208324103,2.136622080240127,48.492273968214064,22.3332128120342,34.145610440690675,HIGH_RISK
2.0755044531934095,128.29950826422535,115.61090136251961,2.7865062608735913,17.248969700368697,65.46223830433769,10.40431765181573,HIGH_RISK
1.262344615360797,124.76249199447666,136.71637011894768,0.0,49.486544271086565,37.59787649106866,9.143284491796253,HIGH_RISK
1.8546327679860743,137.73629542847598,122.45168848847361,1.7260264131115357,50.15736550487595,0.0,11.748895325528276,SAFE
2.2132629178544843,109.11284073575392,152.39679454657536,0.0,68.50719860089238,41.10840462961197,33.103142654068186,HIGH_RISK
0.8818270953832456,132.82764495440207,102.02919030978174,0.9617682731326367,60.582022831384265,28.733166857288364,26.227428816347647,HIGH_RISK
2.0988481058089645,113.51133306040207,138.62513282193203,3.313445171055602,25.04019687619887,33.65132198986794,19.92079937635832,HIGH_RISK
1.4355569325797843,138.47026202218757,115.13256759708295,8.788958072364528,82.10495610108856,28.36485141585741,18.404916427897184,SAFE
2.1138292677262376,135.38418710032633,118.39529557228755,5.038016757003129,60.257576005549886,49.52683549892037,13.388703727444472,HIGH_RISK
1.3802074639016157,96.61403244888511,122.29381211120932,5.538383267005569,59.95983792943717,55.15438001396086,23.46172629302429,HIGH_RISK
0.8073148446345145,147.1495529043758,126.30600991066693,0.0,54.77044116537153,40.09495692065577,15.24455584603107,SAFE
0.9048516591642605,106.6009138721488,117.09427392195104,0.0,42.0560638194445,28.89239863151314,9.381837985232707,SAFE
1.8264467206637602,140.20144495702863,125.36782957926316,12.99362509175656,60.44505849371815,34.25593031343494,11.171183416203787,SAFE
1.942847375946815,129.18218283503353,159.45295143905463,0.32399482618376707,66.88971089821456,35.352793098397306,20.975110102345305,HIGH_RISK
1.3026258561925752,165.95459191987806,144.63624214038046,12.281041260286479,11.327607716361129,20.556259282432936,13.727610374594354,HIGH_RISK
2.151225852327556,114.4133504407037,141.72886481242242,2.7846940055956675,41.530979066347605,45.42071567428223,21.328397074043302,HIGH_RISK
0.886163965752072,111.26708009704507,108.61151184940323,4.01143968071752,48.626325739910264,43.28076182948839,2.41548594989057,SAFE
1.7636561107439759,119.51450985280668,97.7689792942919,9.351825801149648,61.404265142356955,62.727942315980115,20.015814955726615,HIGH_RISK
1.1339410901306488,112.42050542914312,143.8825139559438,10.359462109693283,84.83277514817814,57.596296045192545,24.55063432516965,HIGH_RISK
1.4414901407088125,139.99854754855124,141.90116981324485,3.4459371986045624,35.70647963508044,22.657851483377655,1.3498575184818218,SAFE
1.8260692692240277,79.5922347890853,156.81676689377454,2.0587847323923056,42.55095382955395,49.76537074116136,65.33129580935766,HIGH_RISK
1.3267726490938263,93.65793952134115,104.90048435076926,3.7203977573889344,42.18664723383625,17.88283910429951,11.324168081299163,HIGH_RISK
1.588494450673596,93.30492696052018,114.26128361599132,5.689787641160591,34.96181024738646,47.526777816935294,20.192454829006348,HIGH_RISK
2.3534610450679425,143.7576897993394,79.01289593686414,8.456518434348776,46.320337622193435,25.70094442231806,58.1268785091256,HIGH_RISK
1.4827094717622682,162.76533431454814,110.18822234847818,4.0211492949707575,74.27005549969928,16.58144197923948,38.524584628130576,HIGH_RISK
2.259630661635828,117.38876953656322,144.91426276448618,7.094431490115769,28.65411261589136,40.04081616855328,20.987552439982103,HIGH_RISK
1.1786612299383101,115.77945692024973,108.33761551929506,12.191798661354705,65.69535987882259,0.0,6.641030350744116,SAFE
2.0913922978534054,121.75130407782953,136.0119948800206,5.906548061323923,12.452444249541614,3.4824396607058965,11.064950564993358,SAFE
2.5928627413618455,149.04695756520476,115.23742235005471,5.5582642800238915,40.96655008894485,31.805146092062902,25.58572339840197,HIGH_RISK
0.5,96.81617164523564,128.10142570553901,0.0,46.762767494550346,36.48395179942717,27.819303094823518,HIGH_RISK
1.3617076094912377,125.95922456836963,91.30771525460833,0.0,96.87149182285162,28.3522621371526,31.897636466914136,SAFE
2.117389669949297,144.37994074456074,122.13023624084752,5.941878646150842,48.1299423811828,6.570146623083222,16.697076828650648,HIGH_RISK
1.6883250376763541,132.52735424849612,45.22160072748191,3.5258788435956387,8.0,20.2779468415069,98.23489936445836,IMMOBILIZATION_RISK
2.00413023035422,124.73954041496859,115.32759604595037,1.42608662542629,8.0,42.04176789027309,7.841093543889049,HIGH_RISK
1.4678081473062987,145.02615231417852,79.23816890712149,5.217651020931723,55.850739658667024,45.472071871310526,58.67003993215544,IMMOBILIZATION_RISK
1.847624383110095,52.419192675019076,150.1498629136704,3.6979813540154587,70.34427139474772,34.70798388327306,96.49121377856505,IMMOBILIZATION_RISK
1.7143775205343563,136.9468829882727,139.43518381911278,9.638901253169493,64.38639644068132,55.8230080586658,1.800623940318245,HIGH_RISK
2.4422801339128943,103.6481079218144,131.66677454915202,4.430554341294889,59.18925264502476,42.15314642226622,23.813765056525583,HIGH_RISK
1.9399314638156673,74.23417757858857,158.0251556789845,0.26538357464916196,84.05648993764167,21.54579822875218,72.15294810777111,HIGH_RISK
1.9856814641413614,132.7800649881245,96.27708697937906,8.950831194796445,41.51021948157171,29.950963038590885,31.872375688949578,HIGH_RISK
1.573467668632643,154.34146362907393,163.68407994788896,2.9143446252689875,77.37276390067063,9.748409170258615,5.875387375325151,SAFE
1.5318165767601286,116.5637871343077,143.30478910650962,6.632683418361536,14.19962787433957,33.0534981729545,20.580404417517048,HIGH_RISK
1.5620929966992085,143.82186368007348,114.08611781952635,1.6129464690359976,32.376304176548345,55.0178111459841,23.059190093807363,HIGH_RISK
2.0169486783080632,160.30695644971615,148.3905036795736,0.7508655725128182,9.823965126704593,47.33522152479742,7.720473479212722,HIGH_RISK
1.5684585355488554,152.87286133960117,92.34266218970915,4.420841150928481,48.12886748325519,60.23616786654419,49.36897817780849,HIGH_RISK
1.959376171293027,160.99911323428483,99.38714596180816,4.064143217718426,53.84346956834143,29.548065611618124,47.32351658086353,HIGH_RISK
2.9414704392549913,138.5531872767973,104.7852569190075,6.399135176834165,57.852537305663,59.22979630125664,27.753880377913564,HIGH_RISK
2.2791185868874306,121.88584097253982,106.77555729839962,2.656771233451287,56.54708382217838,31.520523923936544,13.216296050316394,SAFE
1.6206870573076875,79.95085470257078,93.58605893099369,0.0,31.8111667297068,61.48853148625809,15.714471282132642,HIGH_RISK
2.4606676571901698,113.84843779675128,150.57707667738313,1.8361305820580567,50.243978889669606,34.606578546041774,27.779950776440355,HIGH_RISK
1.5755585448381468,98.9188351170952,113.52863999075421,7.969092335719078,17.563833284856287,47.73016472847698,13.753804196771288,HIGH_RISK
0.6790315056521803,174.27356793744534,128.812624208922,2.513119603784468,89.08072437830626,61.5520225575774,29.99869007992895,HIGH_RISK
1.245552528995428,115.60285468919159,105.74121583965798,2.7680829874272597,47.40934817754997,31.5183026855383,8.910687172212512,SAFE
0.7710644434357794,123.08012016961214,74.48491748628707,8.931882529529686,42.77784702390772,38.93100177579514,49.19413197790974,HIGH_RISK
1.6066675837772801,133.78713440101168,126.75143395978556,0.4401338637053862,94.72350821110207,58.19954165371344,5.400889768829155,SAFE
1.8101301085542534,121.09006115931135,72.19362561450558,0.0,23.94383666126927,32.605943049258855,50.595512079635576,HIGH_RISK
2.7220405217514054,162.37627601076883,118.28414884786328,3.196844402372528,26.860322149200773,11.2239389148891,31.420266811834725,HIGH_RISK
1.9798100555702896,104.4337659566387,85.79212402917975,1.5791302437563148,27.594491878285872,73.57412698252838,19.59947925999842,HIGH_RISK
1.6794947091551247,124.86518638093106,169.6818999807702,0.0,53.303215457512955,26.544239641931537,30.430933236124158,HIGH_RISK
2.2561730696509192,101.43823535754879,142.78406805436805,3.1231077205065465,65.79079074093994,37.85760891687577,33.859178395417416,HIGH_RISK
0.5838755800456632,86.99943721948236,122.64384478178701,6.457528236233918,73.49188670294583,55.80812005012029,34.00481734691487,HIGH_RISK
1.9295880069597113,104.70577272736787,151.5926669413667,3.9535571921609214,119.29988293737422,24.047109732838365,36.587732859084184,HIGH_RISK
2.223975856637832,119.0740800737897,98.84210056335661,5.534905363431189,8.0,16.858377562001657,18.56858857500031,HIGH_RISK
0.9867775648210871,109.26744438706851,133.5869844667523,13.067038492577115,70.21838972811042,39.567271341947,20.028080356172747,HIGH_RISK
2.429064723763811,102.6894755031536,124.99526084296784,2.2856056922121795,41.07173568569422,2.7246248375769895,19.593571091129675,SAFE
1.9861730241219278,84.84206340820415,126.60050203334175,5.391743173223348,40.339621277780665,29.817690616377433,39.49861139637172,HIGH_RISK
1.5715916473545593,117.92236068428264,151.8088375026692,1.4539331870043273,39.50569679365306,39.410695957677305,25.12610854521894,HIGH_RISK
2.1480300263584566,82.38199064922495,138.31230256949505,0.0,32.28075822980067,30.140865857147045,50.6857799579259,HIGH_RISK
3.048881071792418,139.00139909224006,127.21809157062557,1.0754617329111507,97.1131208650863,7.2178830226565545,8.852325193978082,SAFE
1.9000264402821725,122.06099382336258,78.6278140942926,1.6062071423915572,76.05743317534757,63.69520321167222,43.28410754912759,HIGH_RISK
1.936521322465185,83.56121251337674,95.99884261801341,5.797378987735628,55.57989946393437,36.863686771085156,13.85344874786949,HIGH_RISK
1.5473515052528657,112.26977307375341,116.9322766601069,15.745378933503787,88.77539381217501,60.760738119711334,4.068465872593532,SAFE
1.3325855967943645,101.19608986023542,122.33430935691628,0.41978281862079836,17.186775867528112,30.319347496751995,18.913060210791148,HIGH_RISK
2.2566846990993352,127.97936276047952,91.74490688315191,1.9168734719226874,21.732371716726846,19.15978432956625,32.98175111570142,HIGH_RISK
1.329153895750123,153.5112611505786,180.0,3.684384934443759,8.0,39.84525656459288,15.884764285342598,HIGH_RISK
1.8393614304706658,73.12068825885638,157.9098513813393,5.978994243548735,37.51463649691782,31.115831726092047,73.40082679504847,IMMOBILIZATION_RISK
1.537288404279186,122.87565197868543,135.05295800981207,5.317754059773925,59.04246316761882,13.800293756155554,9.442384876706546,SAFE
2.0634389041605155,115.99668011083399,121.80092153209362,10.420478969740586,57.571464448308355,61.45611665817492,4.881665232246683,HIGH_RISK
1.9835141579078217,136.78350191126165,114.6947757524712,0.0,58.73354777649701,23.799135987908073,17.567104693095324,SAFE
2.370646969341845,125.32991570594223,96.20203849944411,0.0,19.723579223347954,1.8752050736797656,26.296772680922704,HIGH_RISK
1.519490980629889,101.20076670652952,121.93701296297156,1.5206091399492534,75.07886856535055,58.90698897123199,18.586046959107854,HIGH_RISK
1.6515687855886458,112.02365160833455,126.44381350356876,9.486500937718544,60.99068795597495,25.92263571537278,12.094028750183934,SAFE
1.261679956319731,100.09935357991277,88.9559856129594,0.0,73.32635703664997,24.059169932918763,11.788472110364507,SAFE
1.5556387069581388,146.90017846496497,128.35441043112243,0.0,8.0,3.223023433460469,13.475356111751388,HIGH_RISK
2.0075152711746687,120.53279121679856,116.11852377938128,6.855897031096044,62.78727146994475,66.33694675874584,3.7306088389904257,SAFE
2.2163437391549436,167.52976714382518,72.30481105306522,5.218286118513572,25.305869002061826,11.789349430225624,79.40886323121077,IMMOBILIZATION_RISK
1.292809071702306,118.48347965463448,98.49037473051246,0.0,45.066918686215956,36.0520906527017,18.429045269788656,HIGH_RISK
2.278283256058113,102.28983082723843,109.6598616644589,0.0,68.35912246590958,51.427165805727924,6.954509582512533,SAFE
2.545600822342723,82.15714018467932,167.19219143350477,0.0,57.27734015639783,42.590904794055746,68.20555779875544,IMMOBILIZATION_RISK
2.0273891967730355,74.92150809360137,133.91382811334395,4.5526765873697,33.71150050551703,33.92622238414055,56.496492491370475,HIGH_RISK
2.8322376969069367,80.39660142486275,86.61296077250272,0.868423619084965,55.15682890461046,4.370014550826507,7.4443154821203725,SAFE
1.374415940493035,126.67816627528708,132.1509072354409,6.470319594877598,16.711617118908926,20.42495295618889,4.22884561299254,HIGH_RISK
1.1154399131787205,132.71812558074834,81.31740027654087,0.0,83.7566848974574,38.3804060847654,48.03008762057522,HIGH_RISK
0.8217038631026468,80.47023244919666,147.06727634717683,0.0,49.867899512593716,20.830866740234065,58.53720052598344,HIGH_RISK
2.6228243713190507,142.37595785190288,108.22188370455304,0.0,82.96374860638315,38.66047027997782,27.258075277280824,SAFE
2.1599011109947317,107.92347370791401,117.65909528152073,2.718296608137539,41.836707822598925,47.27138135867255,8.631537106098559,HIGH_RISK
1.7694284309992498,123.66982529963873,153.14491618855476,1.3097612075493075,41.91060028983543,52.325051944401835,21.295896837324456,HIGH_RISK
1.9539827444759013,160.30551570638562,87.82091078539375,7.989218899478833,35.89533033405384,12.9287715593717,58.4255421285353,HIGH_RISK
1.1809810239858929,142.4209828966383,85.07204537217521,0.0,76.90434829232689,74.53962898962118,50.418193437293056,HIGH_RISK
3.145163588789255,113.28673380235419,105.41001684134989,4.22745738165376,37.2642210667881,48.81462820197435,7.203323266413664,HIGH_RISK
1.871071650086375,97.72019436461781,145.9594712754829,6.791682116058528,71.1148858103794,34.96914523395685,39.592369584183054,HIGH_RISK
1.860167137032691,66.20461496676738,82.01634811307895,13.283237182809774,45.438690058267746,54.61165849537953,21.33535340448951,HIGH_RISK
2.1991716431442807,102.0211670189395,49.19611004723578,1.591170144532624,8.0,77.57733989599953,69.86643060446931,IMMOBILIZATION_RISK
2.0645550774551924,114.72174402930764,108.72102853977503,5.6222930217625855,40.74214830533835,9.103038180976348,5.371143063199634,SAFE
1.9231362133535224,95.3205118212204,133.79351999777302,0.0,25.522294640928795,30.945272435155637,33.58415708641309,HIGH_RISK
1.3652390495050786,116.71857582269239,150.00654374347073,0.0,55.84756809205844,0.0,24.960504638574935,SAFE
2.0593075964247975,121.9212970739692,108.42096594786503,8.2238718789085,25.239806608137744,38.46772758766444,11.721974898566026,HIGH_RISK
2.8351134730612686,114.37860045479803,109.71433482209994,3.972198531759647,78.14937751786542,41.57709635465253,4.162795785538479,SAFE
2.539981025385238,103.74993547941351,148.8475183563937,9.892563448992114,52.72310349117432,34.29508192203033,35.70707637163628,HIGH_RISK
2.6762526446516683,124.21636679916818,73.25645750761448,0.0,50.560100131031525,23.218395722030422,51.61207317558314,HIGH_RISK
1.5188313779628482,131.04851623923523,110.28698062042477,6.599510697643763,71.39730344468957,0.0,17.205538256051558,SAFE
1.2557173488577806,92.74002306392885,124.76059724812644,13.344089202719266,79.09767335189656,41.723606301411834,29.44412217147393,HIGH_RISK
1.7308171939451935,155.27330949365677,131.23046803212586,6.098528041786329,54.49753120575871,61.19782071047585,16.783612187708265,HIGH_RISK
1.830648701758782,117.53529669289345,107.25483267022794,5.382907527955243,35.71999251126773,24.361667796798223,9.146721923949482,HIGH_RISK
2.401805335159022,120.47124057362119,120.86102529264603,4.042780404121749,10.650759597196767,42.92107872241661,0.32302743905851555,SAFE
0.8691444536568493,137.7053605814139,57.79181616467526,0.0,37.8487560741205,6.773402358439089,81.75416724358122,IMMOBILIZATION_RISK
2.6412526757033374,125.83040328158754,103.54378969165379,10.77786467855174,39.56969383380096,43.22983514646525,19.432537986113978,HIGH_RISK
1.7130956557815558,143.82841584783114,131.33771781386167,0.9457118009746708,57.67643632480742,27.919118640596174,9.07865940314177,SAFE
1.565215411528919,127.17810413004561,95.44264914363302,6.522416281915085,46.37132797154932,21.27647688914754,28.51077855028065,HIGH_RISK
1.2433425936069078,104.68906563398906,121.47460553973994,0.0,72.19832430128571,21.31345445810965,14.843710149060115,SAFE
0.8898288304738269,129.03758813015253,131.17181252006745,0.0,39.675418218232764,27.91499152340582,1.6403899202579522,SAFE
2.252743821179053,91.40684481698345,111.43626997855587,11.175436996111177,53.57397082867646,41.883799682465636,19.74868625120608,HIGH_RISK
1.8403248819536222,122.71399264441308,124.26159427491427,2.2634885552107855,84.59968607992224,11.381062378480681,1.2532425976229813,SAFE
1.0905215051424202,119.16925023388848,95.9316858678847,11.266377380212724,63.54563034887416,27.85192403177865,21.606195479325226,HIGH_RISK
1.087706675365011,114.7970785681865,114.83471800759884,3.608846704707411,53.499061457785885,34.253507996015344,0.03278242819470239,SAFE
1.6153184153904294,116.78656221402673,135.25540423973055,0.0,39.95138895162057,15.217293958426534,14.655370520680606,SAFE
2.717961838909166,72.95377386255902,123.92432402421086,8.460337998658602,39.169215082125575,67.33997363015031,51.778791758711975,IMMOBILIZATION_RISK
1.6572247567500173,106.28187730647596,105.33671826090162,1.050538411221961,33.73466867620131,19.637081358895852,0.8932665326884396,SAFE
0.9732713757850415,122.32112252852787,125.60541010726982,7.493444067585218,41.47482835542752,22.95013555459717,2.649403872853373,SAFE
1.6648413147527306,123.99640979993501,137.86524476591546,4.126054337700411,73.89164596860786,17.390456903195037,10.592490136804548,SAFE
1.6500020366387813,94.30812147685104,68.75146803556305,0.0,49.452793217693284,67.37264156848612,31.346397372529022,HIGH_RISK
0.5,151.64269602161752,148.97685162389743,4.821473826852845,21.25567326546922,44.95229411479067,1.773566901154151,SAFE
1.7701378234152034,98.34562879463748,111.5936315329732,14.981115710763996,99.20423232649458,18.14134388761444,12.6207958603476,SAFE
1.672986008385227,144.23643001316842,130.63724833100576,6.464932292572296,62.999129778629076,54.91216805947944,9.89485916882509,SAFE
2.18291350064738,130.67985904679213,149.9311730911307,3.7124112349726843,19.826414987170764,38.61257649719981,13.720995855128294,HIGH_RISK
2.8169258522199403,103.84431725390492,85.70815756923835,9.376717009784489,43.95377681897941,39.63056158000703,19.135766706911124,HIGH_RISK
2.4196107662512665,164.3827723152378,102.26397493931134,5.053342326015554,57.77215957071044,28.799410242455853,46.592578394834824,HIGH_RISK
1.6521112201948431,90.159079206088,112.78628260310738,5.047671151313971,97.61480233243444,21.51051223477448,22.29881303549373,SAFE
1.1914107501920812,142.97885434025005,100.40616197188929,0.0,27.297188543528268,41.07978978298282,34.98382358407933,HIGH_RISK
3.2153478917874234,145.01455795107447,163.3734143959202,5.169240128947992,79.40101798389867,25.188429860079374,11.906337530043851,SAFE
1.8325701387079687,103.23449477308388,98.58069765433018,9.177217082084724,89.98716067430857,67.70160133235188,4.6119393319980215,SAFE
1.8076611105521205,154.81163250160822,106.11133051282833,0.0,39.28364237313575,12.152760105624125,37.32925720768038,HIGH_RISK
1.7867312020894983,113.74883713502618,125.10972579007442,11.122479106234739,48.06215952849416,62.650821911389016,9.512649256464547,HIGH_RISK
1.9089466184223203,127.21734073199643,89.94626184809778,3.54146987927437,29.092268815655743,32.99626072163959,34.32534590611458,HIGH_RISK
1.7206017734418317,126.50804596928052,110.1079822060934,0.0,49.91347147299238,40.383543212379905,13.86217484052416,HIGH_RISK
1.48448589621587,116.6422814632363,127.93633153125438,8.988160384601223,54.08525064142672,49.99683979932982,9.235517308516657,HIGH_RISK
1.4992275823177843,140.27020682899456,111.67848989043722,2.5660288213086533,71.49124995205926,23.655512689920148,22.69645948627142,SAFE
1.7819857013812008,139.8372180138053,117.66532852750129,7.797574437430539,82.25458677551117,50.55647092457546,17.220714733978273,SAFE
1.5011163758764292,76.28670066904547,106.76669718879073,2.541206838707314,36.29759838445882,0.0,33.30175443497288,HIGH_RISK
1.4079348195275596,152.6085060719538,82.13824227048082,3.7008692823504816,8.0,22.040188402005093,60.0393950494046,HIGH_RISK
1.8585366252305433,78.43770029910814,128.03983028348097,6.467801021671458,54.46888051809395,18.366869467860823,48.04603178313626,HIGH_RISK
1.6597625304185297,145.81365510854144,163.87332679118103,5.454485287950029,62.33843824921601,12.43689177730829,11.663177813840015,SAFE
2.6271961437204787,148.1676284206896,120.46004076958596,0.0,61.235442192126044,31.13081291457888,20.62899010710447,HIGH_RISK
0.5,92.72583924462005,125.63160293118874,0.0,46.8331688122739,41.94349942727051,30.13935623964204,HIGH_RISK
2.400328768557354,109.72964280113538,137.3180688779215,8.647049923954079,58.11880249159836,47.6478799729875,22.334492304568776,HIGH_RISK
2.485346855873696,92.3573832878516,88.26673758633252,3.3393170554922635,92.88612020880619,39.33578162960734,4.529456732269404,SAFE
0.6596353721755177,114.62697424278161,162.56286645324013,1.381343486142891,64.54335422406274,23.017517631916157,34.58704842146583,HIGH_RISK
1.6115218232558082,112.29914289535647,125.05821991057005,0.0,45.66578937492289,41.642295880853005,10.750942683539959,HIGH_RISK
1.5957075237023148,139.4915133067335,160.79642247722774,0.0,42.495054572600104,37.23714250731531,14.18965375007393,SAFE
1.0258685679051984,152.7577186529902,101.67417511190027,0.0,50.75369105805673,51.84901102284829,40.154984334074115,IMMOBILIZATION_RISK
1.3722008218250186,154.8920952697489,165.4515480639456,3.4935964064923355,95.918499045766,48.984860652767296,6.592578322646584,SAFE
1.1891832849937942,105.94579933554245,139.37888735086958,1.0078120970947655,50.417482261845066,35.54857545057132,27.25619542566722,HIGH_RISK
2.7637487438829926,114.7694531563868,133.82600214630895,0.0,54.5051413869823,18.849445889097378,15.331373589849772,SAFE
2.314623116231104,77.91404519447624,125.8506113588287,3.6593828741602343,42.94216072659243,23.246897195022544,47.05091351483934,HIGH_RISK
2.499355302246787,99.85324833759529,113.78678454813877,5.819853154263691,82.47458393604911,25.1037915265154,13.043937526442779,SAFE
2.1969196352237796,144.12129082743644,150.01329146184682,14.465989661049724,103.99593136861688,29.325205989507396,4.006329747799297,SAFE
1.1790215258305239,160.3895705887058,123.50899674620118,0.0,66.26532623578471,39.82490769661556,25.98151458721359,HIGH_RISK
1.5115138535461246,89.14127820300195,70.82325741032119,9.79690521650261,57.06932259463564,47.873139022305054,22.902602408024098,HIGH_RISK
2.069156008675355,105.18839352117764,92.07033845732494,8.86550780507536,55.91957082935587,34.079863525723205,13.300354242652565,HIGH_RISK
1.1278297051094301,119.33985607602682,115.35385619518132,0.1045363031164972,8.0,35.290246182208506,3.396767507975964,HIGH_RISK
2.1921491365948134,127.00402897049017,127.74997457913888,5.016179772930155,73.62877160712043,37.57951349000007,0.5856203225504105,SAFE
1.6678210310130257,99.75991200195884,118.5852877775026,1.711833753311924,58.35416039989609,25.71370436361788,17.24368183459792,HIGH_RISK
1.5938485558477213,130.60152611160225,150.4742697448416,4.928442902093694,65.70855126651813,18.34293936242679,14.140487317797445,SAFE
2.1910279825119203,108.1540163232271,71.22245339903438,11.545655067022754,37.21344514790738,3.4021178484072223,41.17771186084318,HIGH_RISK
2.044344821317322,119.63869322804302,123.589698412629,7.028031163156565,45.38857802557271,22.487311554616298,3.2488026236862257,SAFE
1.601468608799506,133.6571062000925,74.55051936532112,6.54304186616721,44.72437658742068,43.516618158820165,56.77658219698737,IMMOBILIZATION_RISK
2.4376313918503367,120.16055674527344,138.99280738710422,1.8484534002267878,80.54057460182597,22.347594115287784,14.533672526212019,SAFE
1.2054151698200566,109.09035273683578,117.63853213894993,0.0,45.53100408492267,30.719473326333087,7.54044144555935,SAFE
2.138764583819345,117.25975490185422,130.49024930060295,2.9576589472979604,107.06650805274495,43.395763173421706,10.680520019638015,SAFE
2.1262056918826113,117.79092601986662,98.40292598525585,10.033040774319575,65.77156047537594,44.37241093560804,17.935755207462044,SAFE
1.6297494583773053,110.7497242529468,151.98662329144378,0.0,23.10793350010671,15.568408661011297,31.390326784937738,HIGH_RISK
1.979373162233165,113.53009843332244,146.0431166014713,0.0,51.78634266870108,52.94706841616555,25.051134928379064,HIGH_RISK
1.1118875329880833,159.9661792626179,134.5886075752972,4.631338681170341,38.708121946089605,55.29230160839873,17.231138532666417,HIGH_RISK
2.3082148605637958,134.02298619853096,116.76206882841399,0.0,8.0,14.662702570065925,13.765507173673022,SAFE
1.698303824956356,112.61299204927099,134.49643213237832,0.037382764423937065,94.98677350284473,20.17093634645923,17.711538243090956,SAFE
1.5125023387145282,137.42386011276838,102.32768580031627,1.8820070913591147,72.5785635555001,56.439632296631444,29.277120344554742,HIGH_RISK
2.376955074210289,111.65451275609975,141.3888914755178,0.0,68.33018294748281,32.35663661740458,23.50140586332087,SAFE
1.4126109702014824,149.32811593966602,161.23702235809802,0.0,59.135091507492604,0.0,7.669184302981205,SAFE
1.0253462870000423,129.24105480495234,146.76526399947966,7.517139583936544,20.449560782689062,9.805732914811646,12.698411594659417,SAFE
0.943853954561853,117.31744639989428,101.75993825481476,0.0,42.90957151111408,30.511346746895338,14.202751388145273,HIGH_RISK
2.133305473240102,131.19292314525694,129.0354329318276,0.0,76.04451936960032,14.065232294877166,1.6581515142725385,SAFE
1.0957638561270442,80.72809619828752,87.67146140603381,0.849875102330528,28.71949925543743,27.558372128544057,8.246298632281112,HIGH_RISK
2.7651368000914007,91.83081327725486,134.3097577793919,7.659777512549229,8.0,35.58313184630442,37.56861876102394,HIGH_RISK
0.6549388256639528,90.15187484002362,131.26508532156348,3.0153909600155524,49.32234980547685,61.320582872625124,37.136460053950685,HIGH_RISK
2.733051002559521,123.57357736909267,73.2545915116959,1.6770946094219084,51.45606114931154,29.771829507899795,51.12986229920483,HIGH_RISK
1.9160596069614402,163.3128749871273,90.95540390219091,4.221793987578035,58.38908541036773,54.30575239230966,56.91427290970358,IMMOBILIZATION_RISK
1.7468077884712843,175.7825036548158,112.92152758140583,0.0,73.2129660878634,60.71768291666187,43.54700265475424,HIGH_RISK
1.5002945022550778,135.95127753601892,112.47850632147934,6.473528268875162,70.94014530578022,60.81757404833737,18.89690587824509,HIGH_RISK
2.019524862893639,132.52111187361143,89.76307661452987,5.917175157018221,61.46924513109804,40.12558268094023,38.471504023654546,HIGH_RISK
1.7793009136663334,74.97355664618152,129.7244682338046,1.953457629521394,84.88828470216774,0.0,53.49432327910676,HIGH_RISK
2.406816035109087,106.43315500664946,126.2868402235128,9.029622558982084,17.025755479667133,43.29484757726958,17.06229427963666,HIGH_RISK
1.8628252067641218,100.30540620229402,115.14327170053701,0.0,67.61454536193476,53.87119798064374,13.773921142310261,HIGH_RISK
1.8826659688040328,104.47881004372209,101.10521249604093,9.639544966267845,70.66345908342356,33.54079210216249,3.2819647227484845,SAFE
1.6000132832823792,115.79640453538026,146.2176781604141,4.772468327976256,24.010942847994013,66.40250966135447,23.22109812727416,HIGH_RISK
1.768679906953413,108.19773555757182,161.38517782720737,2.3172370506091333,17.428234782940265,50.47700410641424,39.45906036983911,HIGH_RISK
1.9692909728906325,70.5175047406053,107.91096290383658,3.900631823158442,36.351446838109965,45.228920788750116,41.914228886105775,HIGH_RISK
0.8594073840388559,138.69775640293835,104.69582707112949,3.4636761709452912,38.4614639371177,54.55485280170508,27.939873226305963,HIGH_RISK
1.058498017841858,93.18142435650483,132.2801916352999,10.101414482088586,73.83548658756077,41.00065732269581,34.683302616101415,HIGH_RISK
2.2087952517124934,125.98117160277874,111.04926550632534,0.0,39.636530407722624,0.0,12.599146572539386,HIGH_RISK
1.8939759909703682,171.85206674374933,116.51506998341915,0.18740380426700876,33.5912870429699,26.015498873533417,38.379544485116504,HIGH_RISK
1.6988091650060264,97.01538521033942,138.4913287931168,9.181514460362399,39.70915658263602,56.54902449046136,35.22272709572831,HIGH_RISK
1.8101386631859664,56.742811931341755,72.26609781231768,1.022325324080704,82.9658083538553,20.463355878230672,24.065447745928058,SAFE
1.9911699379489192,112.84989445299723,152.95755812131674,8.502665386657958,55.3260843594238,30.977494905735096,30.17798280663803,HIGH_RISK
1.5031321758298513,147.52399087496428,121.81701310823354,12.497179915043548,50.51872436607721,16.19294634974472,19.088796274283148,HIGH_RISK
1.3719324010287282,168.95868635551486,109.7126713859455,1.9910248652918319,52.24986253247371,67.11060671363184,42.520347587738335,HIGH_RISK
1.9077148903037249,89.26126013868958,117.76914614446378,7.406811632876527,87.30150835816306,65.26686423352427,27.53980588415042,HIGH_RISK
1.2618949723117323,132.41748058091304,119.06073387551297,0.0,36.270706834918954,19.090359887466875,10.622587514605097,HIGH_RISK
2.0245390156429597,108.36723858049866,76.71996741387687,7.773666490339046,87.8877072735026,37.651364007003515,34.197146146971924,HIGH_RISK
0.8635790176691878,117.3512911423966,157.37345568633089,4.997119929933835,60.26240747303759,22.751107140247143,29.136191774442093,HIGH_RISK
2.366035600529104,180.0,121.03314080676546,6.365191410801076,50.98951545061631,46.069003502564804,39.17632393244412,HIGH_RISK
2.059928615327174,82.42574179012118,131.0750532611844,0.7721396398230249,117.52251244835703,44.17429539036192,45.572955790981936,HIGH_RISK
1.9408163538726317,126.34349153736434,143.78874426435107,0.0,28.609012755035092,49.610700289038775,12.916083617500599,SAFE
2.3404800411700326,131.69232929413582,94.4709385609925,6.516260323747524,46.15785601082485,40.97453205874197,32.91550487940946,HIGH_RISK
2.716010944454417,147.14465812348368,131.8367974758807,0.0,24.189219020899994,87.83731171499242,10.974106228469944,HIGH_RISK
2.357903535759972,122.44957883677239,113.30897272753016,2.413247538787326,78.81154926340423,16.4973722298067,7.754209591628876,SAFE
0.787519172767595,127.70126348760256,141.16926938041235,8.705909332099848,97.22972334129197,4.209139620142743,10.018208949227663,SAFE
1.096232668295364,110.20878581445523,66.81931449121262,4.9594886793651805,96.74806953511597,27.92437638737369,49.01986887767943,HIGH_RISK
1.4563497822673765,126.72817353112768,117.52264249396828,13.741713223949066,85.59871882865012,6.7762112199151865,7.537768910637797,SAFE
1.8143500776159587,111.42019311256473,104.92948360540096,9.125545762908867,50.05948830510086,8.13567913989213,6.000202640122349,SAFE
2.0847124612580177,135.53929724640128,130.8065737658539,0.7305080583721177,45.86897556275384,16.976336224436594,3.5538177953054237,SAFE
1.400840902765594,110.75974159890916,131.75110468420505,4.136566899257193,13.22075568764837,18.400599702230707,17.31169010130785,HIGH_RISK
1.9027217204623932,129.42750984755466,102.30935262944935,3.76314648727782,105.89683837954482,17.816874164898916,23.404267174624692,SAFE
1.3845393872056726,119.26842965787554,102.19565339559891,0.0,66.7244519537117,44.327941108017406,15.41809942893021,HIGH_RISK
1.4636652083544286,148.1512562693042,117.23336578606677,0.0,42.70107737826292,25.888596900463952,23.30043861907462,HIGH_RISK
1.0263363967334778,118.71515691028785,97.5839443171198,1.1961954651006987,88.20142222467419,31.768737652295357,19.538881551756045,SAFE
1.2922217146390027,75.67418829482796,141.04959238630317,0.0,30.680887080999977,51.09618994101683,60.33062351165146,HIGH_RISK
1.0565734669110165,151.5480375178498,110.76981998881385,4.237467341258215,65.16555085556685,21.206194553934328,31.09069120694542,HIGH_RISK
1.2632697108624669,97.35669247843452,47.32529451695896,2.7546407767347967,50.68427164272913,30.238173823315,69.16050712390134,HIGH_RISK
2.3795029881343117,103.65584153377951,110.62944858445485,0.0,70.96692849700753,41.58367974967248,6.508712797623742,SAFE
1.2778306111424313,105.1084676489127,94.03640447890069,6.021064326386661,53.41066152034696,0.05177958883601974,11.119606597659043,SAFE
3.247810135660565,154.36095232927045,79.21810461347636,7.579363723454797,18.726802722219396,0.0,64.340398235457,IMMOBILIZATION_RISK
2.0713248454844893,66.60814465053261,89.0643340444357,5.135172394324444,56.88940931675094,41.23011191835901,28.850558020476775,HIGH_RISK
1.9016598680321808,180.0,122.73521179582426,2.379659123955149,81.22160354688405,43.85625705020418,37.8316006681094,HIGH_RISK
1.3279032209003325,146.40142022665128,153.21602070620577,6.957210758759274,54.269589853650366,72.1559624273434,4.548867688300967,HIGH_RISK
2.185170433674945,125.58097285322899,127.8296118466245,7.401101802383455,74.37787803972715,37.845707765602576,1.7747001342180455,SAFE
1.4833991955692243,118.62764998459284,104.8374152946065,5.537017848598442,28.861762858148673,49.75531491064571,12.342183931753885,HIGH_RISK
1.8671053980549488,127.13885187144142,131.39760487926756,0.0,54.3434801682537,31.481492415452472,3.2945086827213705,HIGH_RISK
3.208046496047837,133.02806070948347,108.5227422445252,5.383003827555903,39.38723862278557,40.35008998853155,20.28999131054355,HIGH_RISK
1.7471670551514427,136.13038964875142,102.63499077092138,9.977403254127395,73.67452100261775,65.01062315149161,28.057165422353858,HIGH_RISK
2.4321003294571217,133.89011165008623,91.1409332941754,1.016854706941349,55.787289056549895,0.0,37.99402732765113,HIGH_RISK
1.413252966180762,122.23951703138123,76.20427983120703,14.489696695662156,72.25184190841532,42.44509263629025,46.396247126889165,HIGH_RISK
1.7807563302266711,115.06653949231685,110.25190733601387,1.3718453300730777,82.19276065394665,73.44056114139259,4.273624484879596,HIGH_RISK
2.7739403495995307,116.21816790866221,123.9513372480033,4.162035066700681,72.29046437803471,40.07661594576817,6.439759564226648,SAFE
1.455168118216728,115.12729299118297,117.58440824962776,0.637572019968319,61.827960857341104,64.71031333819127,2.1117247180468657,SAFE
2.796846706898311,148.34425242167663,109.60082680131603,5.116354179601304,30.04469353721487,23.67418130847004,30.040057935640657,HIGH_RISK
2.1892635645005116,134.83891805702154,96.35634848258047,0.0,54.93034723332747,34.42314510505316,33.29010161014633,HIGH_RISK
1.490643273258153,46.49028413339299,135.2061547921242,1.2697910059163942,41.67273994960417,35.603444642994575,97.65284469344884,IMMOBILIZATION_RISK
2.1478242564805368,136.39751941324403,87.07170200133538,0.0,46.39840108239434,0.0,44.14551328337028,HIGH_RISK
2.3349049472947017,124.86840486796937,139.40069784608687,4.676691739461455,45.63664623124373,13.972799098696395,10.998102183622796,SAFE
2.141995479219458,119.53228108885257,94.94457452683189,8.972236877544537,30.501860630443886,15.25624857108825,22.928074445551143,HIGH_RISK
0.9363764040602489,110.28703867277785,101.18911906617413,7.230030935572757,8.0,49.797189404585495,8.604203616971589,HIGH_RISK
1.4000745532963224,148.10281799965034,83.33037023460807,0.0,38.29642379180583,50.69875590231299,55.97507277087599,HIGH_RISK
1.6638647504466724,143.68816155307144,107.46494632785908,14.210348264639402,59.834486298103975,40.8326559687176,28.845524175146153,HIGH_RISK
1.7590616139949746,100.67805830440977,144.38281146194947,5.476399703104342,21.295573864312743,49.83385214340271,35.66848775098836,HIGH_RISK
2.141369653652873,130.17630717811338,132.89070221109893,0.11750429753499869,55.39205591179061,32.045310571008066,2.063652937164427,SAFE
1.8977355505132896,95.70858163646785,144.46055280070087,4.785639594954704,102.50671060777412,56.63477005171178,40.598032114728,HIGH_RISK
1.0655606027094442,85.50954588027673,133.0535636483484,4.880949112513462,80.57641388130598,35.15819196737729,43.50598586432065,HIGH_RISK
2.0091088180532797,104.33206938525088,92.40825428674077,0.6657564152421815,96.08853772801322,36.041552853681615,12.121373875941838,SAFE
2.1358221599061027,141.55983680956896,111.73026939181106,4.9895833367103775,64.77819692331815,30.219332601276594,23.553677532150978,HIGH_RISK
2.107884746362072,143.82812613440217,100.49502177206344,0.9626385618984639,84.18774557466115,47.3201085974557,35.47195976611104,HIGH_RISK
2.394429399055042,132.82713550243233,153.264372600976,1.9781900365498863,36.900881738305316,27.418421300967562,14.287202884160125,SAFE
2.2586571850018973,138.12739467119994,90.08028383934221,0.5686043212245777,38.891493324450394,52.57576478956523,42.10823329473391,HIGH_RISK
2.0525490435756404,132.90445717787395,142.34244223472777,0.0,8.0,14.62131546711188,6.857832060593753,SAFE
1.761408858697744,103.9629601194262,142.32384675271922,4.729182351076919,84.65363685105747,15.219507414892512,31.15139387324735,HIGH_RISK
0.8864714865662047,130.7980636168485,165.74050504290219,6.926497182581691,93.50809949549715,47.37368159227707,23.566878051634994,HIGH_RISK
2.036290020522922,140.01023813069204,109.75783518426256,6.574417980381861,41.17056886631825,33.406204137505775,24.224395492118447,HIGH_RISK
1.9142282279397111,138.85728324533935,137.80805398950406,8.099626263176171,48.65120734006912,26.82995450924369,0.7584826247638408,SAFE
1.9493683604574554,149.7228342868661,177.04129591347106,5.621701050074341,36.153447157725964,51.021039184558276,16.720600030276387,HIGH_RISK
1.0977882832988297,137.7075961800266,104.55895807665759,1.3363725089154825,64.5663387869373,24.06929454645048,27.365426651709956,HIGH_RISK
1.2054189027754556,128.78620518853958,81.62399381169101,8.198319322155944,83.12331363258102,31.396377422593343,44.82882636007287,HIGH_RISK
2.379234069333097,146.7537559579107,72.99974915230591,0.0,11.430700652973975,60.186103101280864,67.12430526977371,IMMOBILIZATION_RISK
1.7782446653788397,119.3369685187735,137.81780072153327,0.0,65.2359632660563,62.704562224591704,14.373314760878298,HIGH_RISK
2.1748253835549436,97.95313371930706,72.92124479853541,0.0,48.083205707021364,63.30316778486589,29.298586643471364,HIGH_RISK
1.8155751068717536,115.9233259014059,110.69202367655193,9.40028029569655,57.83485979916723,29.921736015189598,4.616900165497712,HIGH_RISK
1.8163658767226598,101.37743387983878,130.932829675974,8.713942570700379,66.47485004185728,57.152652289720464,25.444761108485864,HIGH_RISK
2.316056093286799,103.12054312564047,124.62938842074786,6.436526185224974,50.29493903067947,17.918849100163794,18.888124487296672,HIGH_RISK
1.5161753994804443,116.38703323211206,130.6361216046043,9.359649326058985,52.410328664855484,18.6757482550029,11.536641884369889,SAFE
1.8528664273175408,100.18950197500097,125.55724639502135,0.0,49.65312081113403,0.0,22.474515892862406,SAFE
1.5457485912122266,112.30096175902399,151.97164533283484,5.742975599304902,79.25790504470703,65.11162763417354,30.022546801471307,HIGH_RISK
1.5610270749122264,72.65963332615536,96.19209048153007,3.374127858084179,65.4689990031874,19.44836271663059,27.87351721937661,HIGH_RISK
1.6299553320922484,125.33234268432346,103.07512153853672,8.23441051942457,60.51458844343402,32.72241356455292,19.489048855312433,HIGH_RISK
1.9221735743985422,120.03013688405561,100.6835138682294,3.423878837239012,23.226206972692932,18.61416184529089,17.53097096612265,HIGH_RISK
1.5366882580850876,99.57278422329523,140.75479529656525,2.075285557949594,45.535506419671144,47.51297446994253,34.27156479963364,HIGH_RISK
2.4906658690654364,136.48114171081014,142.50996470987658,6.70454259280495,77.46672900847935,28.238594107087877,4.321874683686635,SAFE
1.307965983779273,143.43925344066395,131.28063298296271,8.380845835956164,55.942414328098074,11.513295972206912,8.851649304304281,SAFE
1.6972205957112525,79.81100339077565,149.5873416722482,0.6582740257659916,71.48828673972847,42.94992615534909,60.834212437149446,HIGH_RISK
1.5581479179492037,100.93188053584464,90.54897831559049,3.6946216432381194,99.16279500819084,9.192859553415886,10.844846093269268,SAFE
2.595837836394553,100.77144125531754,161.68060278877843,0.0,80.96515173022041,19.926696944321158,46.41545982642621,HIGH_RISK
1.908105127081366,96.50242247227838,158.08096554280644,0.0,57.32895844249356,0.0,48.37593179243835,HIGH_RISK
2.3675144967077495,140.73687104829372,138.39054993114365,5.002298157068645,42.225270745106826,9.368753980443078,1.6811828153013433,SAFE
0.9829417948296654,115.15434653067992,164.5449727192765,7.044526781273159,8.0,38.2135250549686,35.31694415348798,IMMOBILIZATION_RISK
1.9468776462280923,113.38712896723473,78.58441980805566,5.310334045433628,50.79037693817869,0.0,36.258194905659586,HIGH_RISK
2.2892969375928907,69.90344088983116,106.88879659343371,0.0,46.84968760457877,8.339376956809119,41.84047470647978,HIGH_RISK
1.8452561941014833,135.88545075523066,101.61741348295119,2.2457528496176273,64.75915485988439,34.957359509609454,28.856946531738213,HIGH_RISK
2.3860142062859433,89.01854012866319,138.03698309393357,0.0,51.15236932563281,25.21507587032505,43.177494446778574,HIGH_RISK
1.5154913524447953,121.4983157566582,93.74648150994636,10.848505538270924,46.99037351408014,70.85665944726756,25.786299691451415,HIGH_RISK
2.575141092102069,126.93442344895479,138.93737873343713,0.0,10.51502673731948,68.01013782843876,9.0291299686216,HIGH_RISK
3.064393967990588,154.01646489596627,154.26340359991784,10.277018047299482,31.500804271248338,19.377395670479235,0.1602042359472901,SAFE
1.6004387917581875,87.2794900220222,137.38007250209998,8.729348218420729,66.91627602001394,45.028477131262676,44.601335386913135,HIGH_RISK
1.5549736132295755,44.51219610447937,127.09377559153752,0.0,97.89769077831735,48.48708602383012,96.24557778600304,HIGH_RISK
2.599361462414736,124.59623861884238,95.30316647748127,0.0,52.561865406359416,24.24538055556074,26.642247739169385,HIGH_RISK
2.668764680151892,165.01277953777134,98.8287258468659,5.751851081931691,63.195276839353085,8.080252343032331,50.16955432726178,HIGH_RISK
1.5124269850657024,150.97365882348595,151.24047263241667,0.0,78.81195392382014,34.778627912454965,0.1765726888053563,SAFE
1.5688972505972785,125.24148538186564,139.4837250976333,4.512423210791038,34.72765159499376,31.888777853346003,10.760017672642949,SAFE
1.645018465126721,107.70909535919881,119.0245120155614,1.5858620459654085,64.17035108213605,27.156239054528854,9.981243440157261,SAFE
1.0605522189311476,140.17806491593277,109.55226135585274,0.0,36.487747341696036,42.961703626960734,24.527100106175716,HIGH_RISK
1.294741429433691,95.66134500738829,69.35480317221558,0.0,76.62061096227528,21.486867073899223,31.883596999901638,HIGH_RISK
1.2477225782863628,131.9089442339055,93.22868953288904,5.133421242472986,58.78507619879331,14.264044143575425,34.3614295432125,HIGH_RISK
1.3777113391927294,132.63675397916566,167.78547717849307,1.192211268346873,62.461295349535995,36.963493466296974,23.399548737710884,HIGH_RISK
1.7809233119372705,146.50524768747198,87.98861072493833,1.2345509154293386,35.43503506453527,41.94746166623977,49.90888661963927,HIGH_RISK
1.9288181028950864,180.0,124.73699553052701,7.479319195468927,72.67580899026962,13.820391009799046,36.26931109776399,HIGH_RISK
2.6527752710477426,129.8103991794692,145.18609932987997,9.867211383162225,107.1178230307754,51.705630997839464,11.182469765074513,SAFE
1.2509052775936649,107.27590935731253,88.62693329994269,2.637276393190954,29.802207614294847,3.1313395200305933,19.039005054150675,SAFE
2.341377319162121,119.36064219520014,124.61776186952709,2.2970064654506928,46.5060248088119,24.59395774311842,4.309495911721953,SAFE
1.68230613567597,75.77310237777203,143.44788843776638,6.500715165569419,60.7901868542023,30.355846348443038,61.74115517700466,IMMOBILIZATION_RISK
1.7727949596911619,102.63217172277355,120.31248304768125,0.0,74.66015529989541,23.547973172265266,15.86071784776492,SAFE
2.171150720691632,109.7679390471724,180.0,5.115765273738485,41.011342867763275,24.828911476078535,48.47469404915377,HIGH_RISK
1.1825028881407358,106.89779005163518,78.28501852804513,6.75942985911077,8.0,68.67934068154605,30.902189833975406,HIGH_RISK
2.010325360401228,123.80887180084305,146.46821324709697,7.401151042088146,88.97973735410062,19.684086397299822,16.767489883380048,SAFE
1.891548714517181,99.43950169044498,115.67995656508839,0.0,74.01265298960357,78.94199100449445,15.099010574256747,HIGH_RISK
2.070848195204482,148.02576668311178,139.2980038709169,0.19322365095529692,11.426311737833373,42.868282035158934,6.075211107918911,HIGH_RISK
1.9590427541493,120.00517662295493,131.03267879248114,0.0,39.8107802055111,36.65699247161586,8.785529298979288,SAFE
3.150415076950992,119.76749197153464,101.67109507225008,4.499434772046065,94.20456073818315,43.57232636097798,16.344393396717606,SAFE
1.4492430086617762,111.80263208717706,125.72490981148351,6.40372289883992,91.19491046144665,80.53869948653514,11.722663917640586,SAFE
1.5079516747490003,123.87976709647448,73.55246371504282,11.483552037229906,78.46600056697362,17.115325929233936,50.981851518942364,HIGH_RISK
1.4572727104663796,140.62745661669086,135.08118751428484,1.5251725981596347,50.597189151003434,14.832477459144993,4.023282708373313,SAFE
1.49448758446186,98.32174460722749,127.45396164976314,1.5121375084539306,57.07468547031275,21.41240846170542,25.806334548125143,SAFE
1.4494370799814154,103.54708777311859,135.96650421607757,9.748360094393735,51.72685487184684,35.5785766453621,27.071045257775044,HIGH_RISK
2.4539590921091534,112.40684928058339,146.45295812717876,5.482884692651526,83.20599458172094,3.9361197533736814,26.304669842363847,SAFE
2.5812773363944204,86.35322691316964,129.19049600524278,10.338257555939869,33.10393983762225,35.40210630773495,39.7481016956248,HIGH_RISK
1.4860895384377881,99.51855350696255,123.70223549495691,5.443640015049182,34.85500862789488,65.4838484014461,21.667947771465325,HIGH_RISK
1.3422044347926743,108.09447816138352,97.9732915834677,0.0,80.2568646709004,37.725333031245995,9.823163118082622,SAFE
2.059278556012522,141.85972951781818,102.19448090877373,0.0,53.89096361221096,29.731661738445016,32.505277036369925,HIGH_RISK
1.4962773256454658,126.56403322504812,149.66836550443327,0.0,89.4616838863452,23.873111923694708,16.728184228680266,SAFE
2.148112499765531,124.8397477841886,155.90838514264948,7.310259173792366,38.21219482548636,51.17321068192816,22.13274726678752,HIGH_RISK
1.911607661468215,141.2724490541993,114.04723909219865,9.94298411543504,53.63054099152937,20.135010081715144,21.32636943093082,HIGH_RISK
0.9663407367515224,116.56570529001509,121.15006868133186,13.246810706931905,31.939675378901168,68.23512657078646,3.8570123595326464,HIGH_RISK
2.651127860731534,129.76162124822224,97.38464062515585,8.2155266616162,55.18406703558918,69.80047545885843,28.507605941686005,HIGH_RISK
2.787732720202537,117.41945617668759,149.31892113168612,9.81419288767493,18.036326575030024,39.62151437591218,23.918166764672083,HIGH_RISK
1.4629662202335876,126.63405873499072,136.63542059229445,1.0999183367315766,42.80916447612593,34.79272841462039,7.597813375754411,SAFE
1.5867641420352088,105.43103355971044,168.5304359115937,0.0,19.093653376797057,53.55187654834807,46.06443561107601,HIGH_RISK
1.9572259648986978,59.02957104308927,98.04192307050653,8.250396662087766,72.34808082978145,54.706373040091854,49.67464306311762,HIGH_RISK
1.9839512344928638,116.6430209453424,110.54980252454457,6.088403761197004,72.91473349399129,20.492148840930522,5.36391803907965,SAFE
2.1621993499700567,155.5687034024985,125.78614806313931,4.537221871704463,11.743431737891378,25.522007603539365,21.170813429528916,HIGH_RISK
2.9056124963214924,143.15538505603982,136.16223844314428,5.936857403164949,88.34714363751432,11.19774617570068,5.007307827761158,SAFE
1.7026790248782728,144.13493711477926,114.60830906130919,5.615927412291029,117.43537816049636,42.36316889001303,22.823110160236336,SAFE
1.3609365155038504,150.90326804515544,98.17597273865749,10.419084299267807,56.15015966840853,46.99930190222403,42.33776780479457,HIGH_RISK
1.04137442459201,122.21643977403593,142.03518822308928,10.47492792408478,38.97214349438388,10.701338518497089,14.999906414403588,SAFE
1.3979884780319445,124.93289268513989,138.02838406363955,6.7211017617017355,125.60826477507615,26.806419713309136,9.960015056521392,SAFE
1.7817801649194116,104.55870261414125,97.09314748590688,8.229014362814642,22.02578754243723,10.749429483535714,7.404400331095785,SAFE
2.7870068249347835,112.09817859932376,153.8860700276374,6.570312762123879,55.50266167172746,18.821603415610923,31.42132787488519,HIGH_RISK
1.5153137855301058,135.39427874427855,149.2549677299151,1.6941513398269055,59.49055681579809,44.91830708407339,9.738784948368497,SAFE
1.9230833734013943,150.0971109292204,123.35741243119482,7.7828233745657,88.62869051131037,21.79732279979097,19.556961917782907,HIGH_RISK
1.7909674071599864,116.513843107975,121.9899465594009,0.0,63.99347437816971,29.585132791418623,4.592047328944355,SAFE
2.453616300396446,108.74526837871471,133.85144427789768,9.269457761479416,42.53415260528871,5.708388896948321,20.69786983034674,HIGH_RISK
3.189812834230492,120.01319897141494,98.45742324359355,0.0,31.2203907403011,38.36582377504396,19.73334035420763,HIGH_RISK
1.5080221748938236,135.03016872322786,120.75078697910206,5.429016433973665,46.45445449384661,34.20308024279632,11.165320502394016,HIGH_RISK
1.5308083066149778,83.90362959666146,66.1904113847705,0.0,29.826815976371396,21.878733499403083,23.602826729253366,HIGH_RISK
2.37428848238799,62.59547617156905,141.9113911375734,6.766944915372134,56.19563299461707,31.597742641715463,77.56797217582584,IMMOBILIZATION_RISK
2.1750403192944714,106.23657876271041,80.96266943895351,3.8303738703604555,40.89509550348784,38.245307849062,27.002148316888647,HIGH_RISK
2.815689029154819,89.48218935214604,157.58549571072498,0.0,17.649055167756238,20.332373319631806,55.12927062173168,HIGH_RISK
2.12116050192928,107.29649505881723,111.74699765083874,6.103498155092394,86.3786447093726,8.427274207967972,4.063578914823721,SAFE
1.6023893500671174,116.30549202956321,114.70832545172058,1.1103961158364468,42.55818691427402,67.50033978836268,1.3827454957078722,HIGH_RISK
2.12486015688077,108.66878977442467,104.30665234788736,8.405733604066846,23.296579875617187,23.601091315215093,4.096375979378995,HIGH_RISK
2.4097869693205993,156.31168836176863,112.7990281519481,4.006628443672036,50.79352163781146,33.25831814263599,32.33811033133099,HIGH_RISK
2.25126519965855,128.168619115058,155.4632836287009,5.977104926940191,56.70928914919147,53.195115230365644,19.246540498162286,HIGH_RISK
2.0790007171090137,127.51185899027071,57.80478358662302,0.0,11.338331860524157,98.52299337626872,75.23023775344302,IMMOBILIZATION_RISK
2.3866710792740347,135.55517860108506,151.92413465220469,1.0533388428631905,63.29119167814407,12.599243902000417,11.387919266870801,SAFE
2.44311257474512,91.52917205548077,128.4505870275427,1.7068068194945774,28.821060782743388,43.09688984707718,33.56801109880956,HIGH_RISK
2.56018744507064,145.97779468550672,89.82445880356961,8.283512401212779,97.77572022976969,22.264058864706087,47.62748027303177,HIGH_RISK
2.1567904381743035,118.1058928366135,93.11719017376905,12.386885439027447,68.09901280191838,25.301774517619204,23.660958174364076,HIGH_RISK
1.7080850558257301,136.7620154310303,161.90982568020507,0.0,45.002500247267086,22.036183621877782,16.839759754793143,HIGH_RISK
1.8806925275383275,93.20356917399612,96.36232800143172,9.384240723288402,36.37080574206624,14.73821057958947,3.332623509293373,HIGH_RISK
2.4635799315795963,81.1560308495984,91.16623723510102,0.0,52.3758073109094,34.25675548787609,11.61800676924985,HIGH_RISK
1.35068538095702,140.4472414506257,148.43286355911823,0.0,70.31976853958224,8.458951633131758,5.5286757170232725,SAFE
2.0027703198800957,129.41023815243793,128.46382190714786,0.0,54.36264678537001,52.042536197213664,0.7340143053329076,SAFE
1.5836636532199517,97.44871114106223,96.55186058659002,0.0,49.571029821578584,35.99005284860074,0.9245854756874151,SAFE
1.8158096526141496,98.25842296813263,125.41562438511548,0.0,56.45925727044739,42.603829512225914,24.282836331113117,HIGH_RISK
2.5031485244340144,148.13586961036924,94.35618290899308,6.064994560688987,39.90352671907613,26.60860498496799,44.35583446354969,HIGH_RISK
1.9051044874109468,90.26470267831681,147.52053496056513,2.929661511360693,46.41985182892406,28.39032918418853,48.157600405119524,HIGH_RISK
1.8255401014858819,161.0668238313991,146.53427412182833,5.897026988025549,8.0,40.17615029301191,9.448958281534171,HIGH_RISK
1.0520791224610444,97.48448163380328,133.3001549705486,7.452363430607566,79.3431557713092,14.047088616695142,31.03817815927348,HIGH_RISK
2.2104394613149716,135.95979814020959,129.0415265311754,5.328084965862667,62.46994450804405,28.556172180559955,5.221310963341927,SAFE
2.1550162996275914,111.78453810627539,164.02970312168435,7.288815880751868,35.663603899164244,19.52695675018783,37.88431284969688,HIGH_RISK
2.989790097818003,135.0796857770586,119.99215818470563,3.652338568788653,102.46837453388096,18.96976140936174,11.830021971860294,SAFE
1.6307219707758496,106.39714994714518,90.45314686447998,0.0,57.17541200980966,0.0,16.199115105142802,SAFE
1.9205326802151665,115.93017734819264,131.23684782080767,9.28907090410398,29.09641070062008,59.10787861063999,12.385689767596707,HIGH_RISK
1.9371610260409153,121.02297938489303,172.15117623842784,1.0544393360943651,76.41843553676146,22.64230244323216,34.87906138576954,SAFE
2.667599303869911,94.94531360546318,94.6310126703537,0.0,64.95120541273157,55.9407689929439,0.33158247264714463,SAFE
1.7475874571871763,138.52060863550315,110.96343083265036,3.1104106209780094,64.86449963710548,54.238261785097265,22.091335270664036,HIGH_RISK
1.9534618391736867,107.16966083821038,130.4111509525363,0.0,44.35610988371024,11.852005282703114,19.56512391648553,SAFE
2.1343430803440966,114.28500211649954,118.65237877485652,1.9128480900528388,66.26239309445087,15.408597757888778,3.7498289382707153,SAFE
1.902635017735997,95.14126563478719,95.44241049056714,5.7202696078173325,48.45604274447264,81.08905326840231,0.31602376646557895,HIGH_RISK
1.5544615119972094,55.94165853011724,148.04644640576177,5.741708696230635,68.89853629114606,66.51666695468859,90.30407719567421,IMMOBILIZATION_RISK
1.9067494960940692,115.22430593499577,178.00101805043147,0.0,8.0,34.43266676009412,42.81806991442226,HIGH_RISK
2.390497462422875,180.0,124.90328647559768,1.5614731352562767,44.153163425520276,39.63271591551229,36.14045237837203,HIGH_RISK
1.2354165853239167,139.61510719745058,97.3982927566,9.371665023851218,98.05387744520488,23.644764746950603,35.6239895710834,SAFE
1.8731333207807819,119.51849050664013,81.27598687366313,6.482000588669706,35.823313614992486,42.782348855606116,38.09119068603265,HIGH_RISK
1.4149335517834547,113.4277292697933,126.44939953052952,14.375325196742708,39.904042562670334,22.090725786995513,10.856950244369184,HIGH_RISK
2.4572756459086635,120.56164732030116,147.59693358290644,9.900640868707638,43.80096653875062,0.0,20.163655529161474,SAFE
0.9622472023689239,133.67797787938025,131.87919366238455,9.721465342799696,24.629846602783918,11.21199584280108,1.3547246391821133,HIGH_RISK
1.4925929840006265,90.47967961727888,119.93990397702865,0.0,8.0,35.37966946131057,28.00140923817203,HIGH_RISK
2.0074665312854867,147.8580423667218,105.26820870526734,7.8193017581671125,49.235340036909676,14.640789760953421,33.65106027611645,HIGH_RISK
2.6610382160788872,137.8845328860311,92.69590918204776,3.734465991515447,58.39648560204142,33.78900563155638,39.195539134790465,HIGH_RISK
1.7638373564098568,137.95464314269836,140.86878315812206,1.2450909823087524,53.6873732865337,15.656101290208465,2.090312176480935,SAFE
1.494640260318741,130.96189347024318,142.84429053463964,4.840076702662643,51.37803595130283,20.917629394964116,8.679421984263552,SAFE
2.8346363881923247,120.49041644234974,81.35675533273167,8.726057673057419,56.07602177125969,50.356975515437455,38.775535733762744,HIGH_RISK
1.0035923547710657,136.8215308991705,159.7459744545171,6.504157955021058,80.5710367887691,39.454649857521886,15.459848527913941,SAFE
0.5906567238589548,134.79535334353446,134.35178052235003,0.0,50.238845351769584,34.82604041635975,0.3296136316320304,HIGH_RISK
2.0420079475293327,111.1489822264744,154.98986612864485,7.712294567963101,40.647935572818255,50.82135151527172,32.945873308711306,HIGH_RISK
1.5238701766060638,105.65995567757747,86.44680628787212,0.8120622896201803,47.97186287779784,43.650954680252255,20.00257481114677,HIGH_RISK
1.2383219505781078,122.54640738154967,85.85439611461402,5.083415594821431,69.4836689939194,61.038139242524615,35.21292687109154,HIGH_RISK
2.1895960460146444,158.7255037873797,116.27576725581758,2.483249662614329,90.30067196358124,26.722533278327475,30.872392967881296,HIGH_RISK
1.9340903925741595,89.02232310865247,132.56961067237987,2.9056687413218714,39.296406520770546,27.266570386504842,39.304036767655056,HIGH_RISK
1.4897567530947995,83.311868356189,164.90902057317408,7.831214875202548,57.473344675722096,11.580033204955786,65.74559664896327,HIGH_RISK
1.095832580731008,124.11902103091292,137.65197284537828,0.0,63.45893604839899,27.278347087296446,10.339535037148401,SAFE
2.2798515305540796,121.27219254640045,113.93296807969917,13.725975371384665,30.185549831779426,52.36585809744402,6.240700201615289,HIGH_RISK
2.1576106478772634,124.33354160926021,94.34076980835269,0.0,55.51042918032295,58.399772700718415,27.43145420828958,HIGH_RISK
1.7454532749213394,126.0988299477125,150.75001431797875,1.0116615837257146,18.35815356644762,52.28549302556002,17.808406920137664,HIGH_RISK
2.8156503478262165,114.41994363412988,95.88236435623213,5.851059449708705,10.773742406515034,2.7045464021101466,17.629458711168603,HIGH_RISK
1.211453378520616,157.24658596505205,160.71171386930803,6.921570832176549,64.16866019730642,54.49661382789322,2.179611544067969,SAFE
0.9609611559913936,79.97740053808711,112.89038375983726,3.497621397141474,45.40313146673043,1.9066647811027266,34.13009937513381,HIGH_RISK
1.4194505615653155,99.28757438049385,159.76455181544625,3.713046484992288,60.05701019053048,51.166111834202255,46.69097167664953,IMMOBILIZATION_RISK
1.7749276910044762,117.41863099627382,136.97328225148195,6.052750426638083,54.55262557479125,28.379878521721007,15.37364219291325,HIGH_RISK
1.9338366971274805,78.92027972114582,116.57511276393855,2.8446526127115987,30.589998783405065,47.6455996508094,38.52247622221139,HIGH_RISK
1.6673201681790186,115.60363988919822,107.01509070434683,10.965906289674528,53.868642450891585,11.015929737897814,7.715926833247712,SAFE
1.9936304680828634,161.53675414320045,111.477303066348,8.196745571158012,24.17246737462862,56.08101738871064,36.671702247499994,HIGH_RISK
1.1116533166952558,120.52216220739905,130.70791730938095,8.364121755028172,89.77430895003502,8.630454570111997,8.10870666567741,SAFE
2.594070532240293,125.7675226429671,121.92891240544292,0.0,21.100741378500906,22.967811604642804,3.0994473027227523,SAFE
1.7548168518840872,88.4958808706855,105.15471479828237,3.6030578779714855,50.10536822578547,17.034296700157366,17.205042793747957,HIGH_RISK
2.4145127073734702,104.59096479901307,115.8592147420592,2.497670256396481,28.94321029881879,3.4228726491950177,10.222944673035961,SAFE
1.9884989405077373,110.62009049190158,121.96442574297875,0.0,69.26052933401989,36.70149621659243,9.7550219031957,SAFE
2.0512142705345813,112.05712258109415,66.7816476396297,5.800820919728835,46.71421571796243,67.50960412106531,50.63272900566829,HIGH_RISK
2.1133720041277124,152.04109487509422,131.45420286971748,1.3117712111009174,42.033332009469746,83.00429400176016,14.523621498588687,HIGH_RISK
2.0462397080095234,133.94227651812812,95.50696938207983,7.277019149251185,76.33003862628885,36.74880416755246,33.50223007729088,HIGH_RISK
2.1534975179271494,92.2135510765742,91.16668991985637,0.0,55.735764791938806,55.1002629512154,1.141738227662396,SAFE
2.5310338915728376,126.16261946080012,77.81639132223225,12.595203064209105,67.91611114839918,39.17770348271367,47.403140110324976,HIGH_RISK
1.9080866433358086,132.45554371241963,75.15268755330274,0.0,30.46685158706338,43.97989750582783,55.2028749628657,IMMOBILIZATION_RISK
2.189952066673682,148.50372596303166,86.11381242219278,5.096511686002181,19.87957640181233,28.841324279709703,53.1843560973684,HIGH_RISK
1.7506453681420253,159.51351716420933,102.27447605923774,7.959296551940338,57.68019905100334,38.51138465760684,43.72930966021475,HIGH_RISK
2.59206446849721,94.62264520430328,168.8314784381642,1.146797848999436,47.02884111263172,44.67461668291571,56.33529831142018,IMMOBILIZATION_RISK
1.4279842338674018,99.72856221974155,106.8530081026199,8.262343217164753,70.66086681134861,24.587724880226034,6.897465124077587,HIGH_RISK
2.7905172381009486,88.5605535271346,124.44375265670078,0.0,53.002288683436255,33.60510260192622,33.692463567940116,HIGH_RISK
1.7779131271456112,114.14950352232546,130.0120346626582,11.260588495912803,60.12688348086575,33.94825785804521,12.993472484036243,SAFE
1.0130736938350735,131.65895936115837,123.27662965539622,4.070746324828791,14.415436751468917,49.87525971194944,6.576037294830443,HIGH_RISK
1.870457428200934,144.68336291472755,118.06391348185016,1.0179429601556018,102.21092349035641,15.811420910701749,20.262397995478597,SAFE
1.4254215883888155,118.10122440893693,90.11765591001888,2.5040911378628277,50.8939503741992,34.072240245062275,26.87899239113378,HIGH_RISK
2.2623539519437985,112.0038119186289,156.2731887069803,8.044596346963598,72.43967425847998,69.41609844294855,33.00273723436398,HIGH_RISK
1.441056811383685,123.7939498062185,165.17991609094713,1.077723540747809,34.097708244509334,55.953082746546876,28.643397323311063,HIGH_RISK
1.5545991117318712,99.12142745924942,77.93353264693286,0.2532115528861123,62.70024755543352,59.285222879996695,23.93369245302124,HIGH_RISK
0.7607525979799579,172.23846804236933,94.39928522784051,2.892317012081309,22.428880911881365,35.43977312320462,58.38571759614764,IMMOBILIZATION_RISK
1.5512315244130077,79.80847432204854,113.00474144057485,0.0,66.30169595649177,40.777956146348416,34.43360143880902,HIGH_RISK
0.5,124.61851447239312,95.88655512724522,13.102719539709078,46.10064789035418,53.04025100065266,26.060134941400936,HIGH_RISK
0.9288534470828521,170.59015548074098,132.64913883639662,1.1680270439263838,55.729762598389186,63.084599531556755,25.02381278111299,HIGH_RISK
2.2182280608793636,120.16999611399994,101.79319493983468,8.158083930902018,72.44935075325245,0.0,16.55842222029344,SAFE
2.232190087257958,115.24902412496263,174.12640169516504,5.047350418238863,24.186492219492994,11.32205647310278,40.69272807346114,SAFE
2.0340016589817305,111.06386442973933,149.7637148585899,0.0,37.88770673468008,58.569993825247664,29.674661348653032,HIGH_RISK
1.2681631212789328,115.49020795593981,125.31435076580537,3.970226453936353,66.43310702716914,30.015991596161534,8.15943258052483,SAFE
1.773758754121911,154.32121186691325,145.6746565829933,7.9200138965537406,107.45553686366867,22.90902579335461,5.764449576320587,SAFE
1.7980186035001875,64.70345221676233,147.64751060893272,3.058693324568467,51.547941633462955,12.42510223407913,78.11978555543799,IMMOBILIZATION_RISK
1.1628994209441015,158.33584253240815,105.90131279854393,9.965564729255139,69.77840294809832,25.00969937220603,39.68747670492513,HIGH_RISK
2.626869065971933,84.40107118874637,99.59456888645087,9.10757696390932,52.325713253538,9.757352898371153,16.51506273898128,HIGH_RISK
2.2825492598166193,113.33369176913963,121.95357657424118,8.594574273291647,103.55613986890748,72.63969690918458,7.327115373298987,HIGH_RISK
1.678469704393685,109.26888949253345,141.5409031124486,1.7017161386350153,11.31945832586861,34.59615106434968,25.7342532639805,HIGH_RISK
1.814787211446992,134.713831744268,123.47650996633544,0.0,57.36552611673395,33.95689024827109,8.704680201034067,HIGH_RISK
1.9146105443711539,80.04689120290631,80.57508794522508,0.9320619731860278,14.361399160948473,45.58538015302097,0.6576892466648632,HIGH_RISK
0.67704582236664,131.55431665204858,99.92938890122895,4.981204703333602,8.0,52.322213046798254,27.32367505110717,HIGH_RISK
1.6640524396136718,170.60774058217132,118.15067841014054,6.728933567661778,62.436551327945416,52.02598681798351,36.332836531721995,HIGH_RISK
1.4249086636012107,85.92064988517974,118.10835989185425,0.0,58.48744490368647,54.325194990336286,31.552091579378565,HIGH_RISK
1.2491089945577964,124.74265419025988,169.3135544197452,3.9594339919412485,47.879076556444964,23.644780085764587,30.314544583275847,HIGH_RISK
1.6453948389127249,103.45044555508477,85.35030144002505,4.790446126615922,52.34514774900617,29.6383975107765,19.17380561585229,HIGH_RISK
2.7887275897672374,130.6471801548259,132.63973104589687,2.612278718422242,132.45748585178143,48.84256979796096,1.513596617457303,SAFE
2.1524635736968554,120.4786944353938,157.22782770820723,10.456369195079395,48.54562154921414,25.50699689048684,26.466165064578917,HIGH_RISK
1.4858515556194618,103.96282727389226,176.78624363556992,6.108900371254355,67.75310903125187,34.90808062350995,51.87793934688549,IMMOBILIZATION_RISK
2.1149205297458873,132.19680712177686,109.89006442040096,10.550959540404484,38.765879509652976,42.17774775964666,18.428709131787414,HIGH_RISK
2.5696454901223014,165.10870274466856,132.285736318005,2.920197398248839,62.38081437601508,49.13333148158677,22.073692117522327,SAFE
2.308548525602023,115.22740520681754,134.24400892996618,8.687387462534625,49.04415812360956,3.0017426773363773,15.24551723807679,HIGH_RISK
1.832796703456096,137.99394855370454,124.88704328883227,12.175331972637597,44.737037931756745,47.865421698001015,9.971740575844432,HIGH_RISK
1.4441847722619343,87.6681760532209,117.52886996901735,10.558467246363305,100.47246330500812,30.79296695866894,29.104409146864903,SAFE
2.1840228224874747,96.08909057954978,130.89938473750115,0.0,84.42962407960847,47.73423879555886,30.671419867752636,HIGH_RISK
2.0164169619819625,131.81015694700943,56.69384786950787,2.731619612288095,58.418666184980765,48.98477046238692,79.69730844776159,IMMOBILIZATION_RISK
2.2923562710152527,157.10290071339912,137.05173725156578,2.2741764727510176,8.0,63.942471100144836,13.633076534541347,HIGH_RISK
2.1493444909250834,128.8903337196415,123.15444759154919,6.446272675381638,45.97476941868576,59.362165657181656,4.551481763084323,SAFE
2.3772539934256343,112.17354923692115,114.43812758054337,7.431767775072665,122.57568911012709,59.23828992698533,1.998642237175037,SAFE
1.5056206336416875,119.98228513558385,171.17155489298895,0.0,49.233458334007295,60.98606574499229,35.163039410630184,HIGH_RISK
2.5245667360988793,88.73980665075706,103.1266495302362,4.3391925695846885,82.58043930134146,40.24482172668703,14.996725499435506,HIGH_RISK
1.90867978258082,135.11288315888416,109.92310027337423,0.0,91.04856004881502,35.579331566663114,20.560068388873006,SAFE
2.941393479943896,142.05832655808524,169.78883255511835,11.20972502900945,60.47409789639938,50.710707497210024,17.784677645222132,HIGH_RISK
1.4209467000507376,108.69774167917299,99.19846737875358,1.4381287966165321,33.954459203296196,48.177457125794405,9.1384776504247,SAFE
2.754780091740887,108.24894630601247,106.24711792658653,4.2793196992224845,8.0,29.436807738711316,1.866540895832165,HIGH_RISK
1.9088509309044563,126.64695574130121,116.32436441422875,2.451751430059694,72.10408021522386,42.28682135854883,8.49696278594922,SAFE
1.4417200980120535,109.08200659898512,141.01836205323872,9.730137875067076,34.6310999294113,34.3682635978773,25.538831171146803,HIGH_RISK
1.5338627912701233,118.34668463435443,125.19506268383283,0.0,59.403761297192304,19.629207647718992,5.623986954919062,SAFE
1.623808980493124,172.49304472916288,87.68436632119344,3.916948288370455,23.754491510265897,58.2282933447743,65.19296049998364,IMMOBILIZATION_RISK
2.033291270521054,113.82435748135008,106.69578592182026,3.4709062125115104,48.369061488244945,35.9935863655416,6.465233923321794,SAFE
2.087559518419525,111.04149619946945,104.81613916969471,1.7318180620415862,55.84297637252633,71.87674863857931,5.768021148872505,SAFE
1.4844649978337816,103.81145485912103,118.06947386942386,12.631132728178162,61.71483952610745,5.741139136403014,12.851955408701643,SAFE
1.7866049742564596,138.60479928749842,130.6460914657457,0.0,27.129445316189646,24.977982088819406,5.911741127011903,HIGH_RISK
2.978248697236525,115.46939566954742,130.4551438971993,7.858980886178306,84.92277371903381,35.58749906043568,12.187273587298566,SAFE
2.7501487435553913,103.76567404196435,75.59970614878995,5.781263943530417,40.077630381700715,55.47285975732045,31.406247809047667,HIGH_RISK
2.039978018320718,153.03260080682531,146.59852468902142,10.30759626267758,13.13826348866887,42.190448706839334,4.294664719599087,HIGH_RISK
1.8209019129925101,155.49007511284094,126.31422114991558,0.664054576112473,52.2744145009134,40.588509575253525,20.706464982862833,HIGH_RISK
1.8660172296950437,104.98941085653237,154.61330118984765,0.3351555043812051,55.859382725661504,14.70925173402535,38.23064092215615,HIGH_RISK
2.137434885001729,73.3365012159846,131.10495818226678,9.480349537386992,59.014735829294,14.175054849869518,56.513446085071614,HIGH_RISK
1.237464089140877,145.18784224592306,147.53307394339404,6.126606541650552,89.05331009212699,40.80508388521829,1.6023670108727053,SAFE
1.6584429044171602,102.8842543559999,131.66363278625317,0.0,49.08877908160352,10.44609211126955,24.540300729972987,SAFE
0.8822787593673258,139.76563997906922,153.6556439050687,1.3034749276836481,52.009509390780714,25.426200494792084,9.467618532733413,SAFE
2.0195727174329035,70.7474045572041,133.05626590044446,5.9319132692403045,27.420390469172663,44.01651192354544,61.14596582419103,HIGH_RISK
2.1559577668365075,142.31493345748274,117.5521188389274,8.188821107732945,75.51383757219742,17.318163099018033,19.05806403676779,SAFE
1.5342474457353443,89.72070176798047,176.81086801117203,0.6038467340352245,59.607726601952585,63.896407322512516,65.35073223434979,IMMOBILIZATION_RISK
2.665692719809518,138.2691029766631,142.2259280569973,0.0,44.49930681764594,57.03085419628202,2.82131563311677,HIGH_RISK
1.1258288853487124,120.35682669591085,134.34361052511034,6.616115928685166,8.0,6.714440029910595,10.982928794160005,HIGH_RISK
0.9945938158845988,96.15151451508387,88.0923895865416,0.0,91.11030487637719,18.21731762272423,8.748321924503959,SAFE
1.9234485002079846,109.82409217683049,87.79230956341155,0.0,24.30800088859857,0.0,22.29752431417989,HIGH_RISK
2.375904066436685,137.15796142391753,127.31788705354633,0.0,40.21804976575736,20.913355474133603,7.441189376662254,SAFE
2.726160230301828,122.64736132788086,123.63802994420602,8.069904300988707,63.95861277690008,48.79499257830319,0.8044883305568967,SAFE
1.547613655422083,134.6103245118121,104.64693587479209,4.6430872520248325,25.086051784582835,27.549891039052575,25.04700470832411,HIGH_RISK
2.3932744583872125,169.41101461288713,123.52456749030151,2.871718096438742,17.662255543671414,43.29435038508741,31.32869472061731,HIGH_RISK
1.7788203417746111,80.89395970722371,159.71567320108988,10.945121814813808,8.0,7.597982270928604,65.51833568849828,IMMOBILIZATION_RISK
1.7050549850325492,160.43031437421558,137.38506186375747,7.1866234151153625,73.0249238226409,49.36355458247429,15.47620059217058,SAFE
2.2860129656176698,122.60889843808032,91.47478725618154,12.081500213609583,41.370343881841954,25.008033897289703,29.08592598350736,HIGH_RISK
2.1587775831273808,97.5303987919218,117.21227932142641,0.0,128.18175231183324,35.21905428109229,18.330665056822912,SAFE
0.9329843136586629,86.74215935652526,99.87583797868598,3.8272468802301822,30.141123359228164,33.32825897492505,14.075468400370239,HIGH_RISK
2.6120971923492426,115.27199023057416,110.30750208978597,0.0,31.963724414276967,12.112126623938892,4.401542081438678,HIGH_RISK
2.5590502447810985,143.0412527981115,109.65960835925893,2.853088340722664,40.86517574286496,14.244482028683919,26.41988973521069,HIGH_RISK
1.4559405141697588,116.81127199056165,108.05886043489987,2.7569207311666135,61.07836637846223,52.420300442061674,7.784414462923814,SAFE
2.017691943390575,157.7788732561837,88.62161570066513,7.133068186315354,43.24491653036722,42.18185883503052,56.13402623371401,HIGH_RISK
2.0717166024555063,83.72060774871102,116.80863296204525,4.227819405709491,70.3083053500628,53.90088274796168,33.000698647296495,HIGH_RISK
1.943370571203149,119.69777630384864,105.98480907881725,7.117035691399578,30.53529025028364,40.84384823904533,12.152437195612393,HIGH_RISK
1.497332165385019,88.69016388967202,46.7637827499433,7.517200665694471,20.460207038410474,37.573831426565896,61.90499749893118,IMMOBILIZATION_RISK
1.4306071476340716,129.0907970656242,171.32430061254158,14.77464338691571,10.044631514772313,3.931808863998203,28.11676501835607,HIGH_RISK
1.785945260954705,142.1721847524325,147.2192413554168,2.423516723569378,8.0,30.133399458298946,3.488048468376793,HIGH_RISK
2.4450009605926506,109.48095515797367,110.5924818768751,0.0,42.04827451312358,34.50708223273261,1.0101416453321619,SAFE
2.098980085026938,54.894653584321645,120.47047624351497,5.230418076582044,47.475492190169454,70.15592956890633,74.78775595076614,IMMOBILIZATION_RISK
1.5961621173526417,124.97370366991237,90.70864131706095,0.0,39.21407431292042,47.36521937777619,31.77363669235045,HIGH_RISK
2.2244342908565895,130.91846379333774,162.39307194527163,11.40980384218268,86.08514492967905,62.64910127077151,21.46155491135074,HIGH_RISK
0.5,130.10736887404244,167.4322173693278,2.583909805273837,85.70075524020338,45.75567870610511,25.088996705638884,HIGH_RISK
2.431821135204657,150.89455479555386,123.91734320616311,1.1721181606300481,46.629925313887455,22.19654191490937,19.633219511640068,HIGH_RISK
0.8431574216720452,93.22365800877378,145.58826610463362,1.6434213942444105,10.151972170200928,37.10823589069732,43.85426589586276,HIGH_RISK
1.6006574822282773,137.00540263626124,124.3821694733481,7.592087117358204,40.83237229862368,39.252025632756194,9.658633010768972,SAFE
1.184181557955621,149.8126878119494,86.58186402810173,3.211265083842574,40.004465152073465,18.09519974412773,53.496007663180656,HIGH_RISK
1.087925188353502,75.53531039983707,109.70441577590857,0.7916658993480885,38.571625943048545,28.081027221327417,36.89176839276221,HIGH_RISK
2.438454733058186,127.99129564797443,123.29819916929893,12.326759588117655,37.55702740254388,31.296194113810905,3.7352110418209983,SAFE
1.5427643392784598,107.3955042248082,108.63630703141389,0.0,38.66342760687982,63.901156986172126,1.1487223102842437,SAFE
1.9905771349518937,117.96193317245886,114.5336680641241,4.177830370164967,45.336459602556005,0.0,2.9491010497409116,SAFE
1.7741936816164487,128.69191208845842,117.71501106227214,7.261530758051152,39.111472529611085,56.704731572888775,8.909571927466956,HIGH_RISK
2.0623724549727167,107.8192858971612,117.97803755336346,0.0,60.208062715639805,18.13768577073111,8.998115213201979,SAFE
1.8422520400831406,103.1072980209597,121.30646226243708,6.401302507029625,64.00921789762153,10.302574629146946,16.219294412691003,SAFE
1.0943542766962868,120.85381043720062,93.48487334008497,0.0,32.23387282043775,56.23895834069235,25.538028520837685,HIGH_RISK
2.347946750695927,92.81885152842993,102.0745962718016,8.113913904170012,86.77663315017584,48.17416524621886,9.498261586360698,SAFE
1.5284338792612782,92.85437177787037,87.88539335750076,0.0,30.498442453984644,57.581336642861416,5.49848940729554,HIGH_RISK
0.9438799557371369,136.98433207391258,144.44538874215502,7.463845159244302,14.554984654616575,49.41263505582038,5.302252119362129,HIGH_RISK
1.5645366614687481,91.2801491210336,67.3588264539919,9.529165331473564,64.51945178412629,72.07721003127324,30.158191050254914,HIGH_RISK
2.625417884848871,136.6578125227303,148.83975858292314,8.307182628164025,34.5647966396415,45.057029065000734,8.533835165753265,HIGH_RISK
2.267621958162421,131.5647823213488,154.65873493157108,5.256583241190512,63.032286768934696,32.18340722978315,16.13700567435585,HIGH_RISK
1.6082413260756774,76.85483178023509,112.44548532543446,2.8434952853515028,8.0,41.17267479178417,37.602317935191074,HIGH_RISK
1.6079082626248642,103.06088369160862,54.921572804317535,1.1179021183257807,89.81139853707668,57.38244431022734,60.94260331815063,IMMOBILIZATION_RISK
1.6231007218304396,149.8527350761843,110.96723595081774,11.35517345408552,71.80733520101006,20.971244145317893,29.817884705876946,HIGH_RISK
2.9422113909584624,95.47086172150796,118.39539596777952,0.5025238991617842,17.48808627092496,23.266005514435143,21.43819646348995,SAFE
2.0100644987273544,108.3898934422653,94.73504450177717,0.0,18.030571903842855,29.43871973723767,13.444778448867584,HIGH_RISK
2.0365229059550884,131.5515223312974,107.11954015479392,7.32684467516415,96.80664760243819,0.0,20.473350997821335,SAFE
2.3666558997175136,139.5847627320649,158.2548799715838,0.019315984067523218,36.56550241255104,37.48541135151584,12.537026347493791,HIGH_RISK
1.9313340374645824,113.71152784888761,136.62317905754352,0.0,34.14537878168441,1.0496833288815282,18.304813976289523,SAFE
1.6575268197986133,105.06224513270897,96.8858971405475,0.0,8.0,35.95506763278714,8.097472846368682,HIGH_RISK
1.692007583003262,155.5592465424627,80.0600207601142,1.5854508026974115,46.23054485996114,50.5752156104345,64.08578266682589,HIGH_RISK
1.760619307322265,163.47249159493947,111.82456705975572,3.586424880517534,49.307009629106176,26.41622370841096,37.521595608448315,HIGH_RISK
1.7795277699195873,144.4714512695449,114.66358051623905,5.2154586383034935,72.88732741923712,65.18808566336368,23.005666619360646,HIGH_RISK
2.200196249000339,122.1329535641256,132.40497968408292,8.756531221497417,20.023039295388116,8.71098381046722,8.071116150645192,HIGH_RISK
1.8285702371940147,99.79335695897684,106.61708218580853,6.634489618328969,16.99283019398476,56.442692269372984,6.611802440907772,HIGH_RISK
2.2029520424685685,99.23888983608586,132.78748938404652,3.045638902234101,66.27406586941193,47.152467015324575,28.91791843730993,HIGH_RISK
1.7556058809402797,133.06285263164395,168.37885100150572,3.0090216181014005,80.16825178067663,4.111401530407598,23.43139515482625,SAFE
1.84324935467385,130.4599555222171,140.38752556110657,6.550787344575918,15.721191222052923,83.79429738272958,7.330745701737105,HIGH_RISK
0.7009896235073407,155.03996482366074,118.79778731673069,10.362850814642847,82.03785215749353,33.85258486092861,26.469818148630846,HIGH_RISK
2.303980221086365,136.26125231340347,115.42123822366763,4.631570997416001,55.93854603717054,19.205287601198627,16.560559334314323,SAFE
1.990568661743896,82.42299245600455,111.08317164550321,1.654345728947955,82.29513347686614,9.672430493887695,29.621980594338442,HIGH_RISK
2.348905560422809,146.29869044307296,149.51602281130363,0.0,53.24449096205959,31.039675502125867,2.1752348507858215,HIGH_RISK
0.5,95.04848431713968,104.31716385121743,0.0,8.0,32.706676296980724,9.298171093397878,HIGH_RISK
2.9486060876294005,110.40071820119121,121.13056772499957,7.331348360217616,51.20081544209903,36.84761951371396,9.268595801976321,SAFE
1.7232257045146544,126.25500515629236,121.27994754702713,6.889892618197786,81.50359546678175,29.639669187968718,4.019680901571929,SAFE
2.4095005492056343,169.8916872445991,107.4553951797117,6.886817625533308,32.65634952290714,46.398055582071684,45.023940053111275,IMMOBILIZATION_RISK
1.228051740080958,180.0,85.68836130289748,3.3567027682397206,45.30087577731369,28.022663012061564,70.9941814798449,IMMOBILIZATION_RISK
2.137025647784413,135.16807647840457,128.0743625904417,11.034673729458753,50.596662411225545,0.17064588967151906,5.389491081343192,SAFE
1.2206214402544893,115.4200845319903,118.47490070361542,1.5794075270759116,8.0,32.311493078306455,2.612126265595614,HIGH_RISK
1.4569270716173073,133.36264121201376,132.50601173591426,8.776346186036028,96.78368938593691,0.0,0.6444005087484121,SAFE
2.8527172446267324,142.1913856468459,106.65999233902083,3.8062855250522847,32.46560800257063,41.367871356045015,28.556316300441008,HIGH_RISK
1.6951246795801593,111.98330936107021,150.5205324703262,0.9582461766033123,67.64338581181997,17.372595854912564,29.36126407933341,SAFE
1.9195880802488476,164.88028389780806,98.08065546970388,6.962651536588806,52.83247159629478,37.94048638848441,50.80574216746737,IMMOBILIZATION_RISK
2.2785372518788147,125.75176897978506,162.80100710044732,6.048180593419969,86.44047640898401,58.653349667442875,25.67934963159785,HIGH_RISK
2.0726250383849325,132.44357722728486,76.30908725429346,5.784863796334631,65.15140306070202,17.922523485175997,53.78086082148673,HIGH_RISK
1.8827303978289671,136.64810630136154,130.86925161392227,4.4063921102809935,49.126893211975634,54.102612653218124,4.320358673151434,HIGH_RISK
2.000728551356424,130.5396652653614,131.8857670631656,3.8105345914158457,32.662122687018,27.19898779964924,1.0258927923715973,HIGH_RISK
3.1218785718810516,140.9735125117403,100.11107330147794,15.941859964352194,74.94626753455347,66.55750643718054,33.89884017049582,HIGH_RISK
1.7683096616315281,104.56867033632692,130.60984844652532,9.921283225980865,8.163967401134585,28.42725296243216,22.1458815583774,HIGH_RISK
1.910604475693232,106.04245615134924,151.98796674400398,7.61413447492756,71.14726050689731,19.871126260879556,35.61247551905024,HIGH_RISK
2.377859917804187,92.49614417570763,64.5795290161484,4.558995791016941,27.523881211128185,47.37029210711519,35.54543436584378,HIGH_RISK
2.4080392631268914,130.98753076550565,132.56862018727037,9.035786002983347,86.30709154891599,27.155784866774553,1.199812196413519,SAFE
2.452866668058209,139.47341258780284,57.668229491748065,6.58997388195726,59.03248856656738,19.85390874567785,82.99127696526402,HIGH_RISK
2.1513016221160517,131.44432165379715,95.8583799119198,4.1310237638701786,71.10309419625273,26.39888268733176,31.31149915663353,HIGH_RISK
1.171347297998234,161.86231083368844,160.72915912252364,2.4821783736704246,57.049720345617985,34.197082420705975,0.7025304862020135,HIGH_RISK
2.698387342765603,119.86009952927384,105.45544916519864,3.595413311686559,11.190572621475084,59.15924236240737,12.786201793474872,HIGH_RISK
1.1695100338397215,136.71854138981283,90.65300088977568,0.0,33.48177091511654,0.1864205817276101,40.520058084834936,HIGH_RISK
1.9664495058814684,92.70747809651715,115.05155677538295,5.053004196488208,71.80973344028456,35.41545186110757,21.509609623131617,HIGH_RISK
1.385148282489353,110.32250743813998,171.6976584540888,1.5576195994482016,59.1663954339961,46.248264703772776,43.52536338795201,HIGH_RISK
1.764723909373854,137.38844393914445,74.20794381984935,11.96334999141442,84.5247476326418,38.48207434985233,59.71793827714779,HIGH_RISK
1.9808193256669142,141.2275527685786,93.71725220901638,4.096720354058771,65.08186407592929,58.57757304980362,40.44379748178976,HIGH_RISK
1.9767464684976503,112.65082630839544,157.43579207949065,0.0,30.832452732433506,33.66178406434656,33.1634096042308,HIGH_RISK
2.0320564148294067,118.21001870354833,166.44255858844332,3.7505992293594117,35.09839655698415,31.678074040652987,33.88870766163406,HIGH_RISK
2.687541197982256,82.05315633297977,117.41421939274291,0.0,57.57293476308093,45.66193184624018,35.45548532045292,HIGH_RISK
2.049443865832689,111.07426997983477,89.02368243683394,6.367037078562332,8.0,36.787648669124295,22.039793287923676,HIGH_RISK
1.6657138505901432,142.25957908799467,172.39608754522897,5.454736821697427,96.83604714057464,27.972642710951522,19.155230083533013,SAFE
2.3302479425585965,134.38012540266416,159.8610597937299,8.789198155541339,66.04366840943894,44.29059271255483,17.319760572646043,HIGH_RISK
2.4542087689085523,132.51664303453023,136.97367469405583,0.04559104152717275,85.6758649262218,23.254490722100385,3.3077490108675764,SAFE
1.1248157016746543,121.244342179524,99.6899412765645,4.170040481140734,15.484901479770777,23.99881126365211,19.5120472620027,HIGH_RISK
2.128570038417422,120.17657896570441,118.77426647904907,0.0,86.11412900888139,25.496107608218956,1.1737246495573115,SAFE
2.185645008270994,103.49197151316382,115.99099797387923,7.507473909623572,110.78747277569371,59.355244882995336,11.389518275542814,SAFE
1.6363400731520046,137.47071050506338,128.27128261538945,6.59435590220061,21.97804111556706,0.0,6.923578604683757,SAFE
2.556638747321391,130.52432360973475,156.2750359532834,6.479025105137854,74.28504487259417,42.120779025732965,17.957301147941006,HIGH_RISK
1.7174694271321103,132.30047119981998,141.98542602843509,4.008095156784705,55.027748617182326,35.616892655604,7.061941519038789,HIGH_RISK
1.8690670494093482,106.8491289333105,93.06559807538105,6.073864453943955,16.389153793793895,4.744331733713835,13.789410179201248,SAFE
1.7048104966438717,66.1664270032189,154.41241125048845,12.021695541542982,67.32209929629674,40.57508202444804,80.01310093561196,HIGH_RISK
1.808568476169807,147.4288177938424,127.82830350032889,2.5745287147899303,75.8400801209337,43.563535852967576,14.241603778574841,HIGH_RISK
1.197048702207639,108.0290635997899,137.1766448964729,4.693225918550422,39.971836183278825,45.613506164433204,23.773982649451455,HIGH_RISK
1.0079720145731381,98.43060589892198,156.66352148196506,0.0,84.14791300638058,0.0,45.65602209736028,HIGH_RISK
2.676977784773735,137.33697279784985,92.21049376216122,0.0,13.33091483027006,59.59500941337989,39.31777571928996,IMMOBILIZATION_RISK
1.3341712584249197,110.19968400202175,119.10436053233843,4.489066465466537,17.631096338758894,21.720739315672866,7.766698183103658,HIGH_RISK
1.254734207799031,146.49840960116555,106.71363621601962,9.519667733509536,58.41493488971881,47.35821944155717,31.424076415282283,HIGH_RISK
0.6156354375179569,135.42514873941744,80.8035143658636,2.718595878742138,55.634631949306794,48.33932805228115,50.522103396586914,HIGH_RISK
1.4485710387707738,137.08923308001195,128.667749440123,2.8204173534393804,37.085662789397375,19.21945245885273,6.337732736148069,SAFE
1.072300613625876,85.85110721998664,180.0,1.9655737774781263,75.23986089929714,46.8882791423279,70.82828712998887,IMMOBILIZATION_RISK
2.703108338075003,150.29859963466,73.99805638735617,1.3262166457783846,68.27235785539874,28.061121663577552,68.0353818915735,IMMOBILIZATION_RISK
2.3553993991384488,126.5312632808464,119.19298472376325,5.474857278544108,76.4534767733504,0.0,5.972775268760204,SAFE
1.421517310152252,110.76807151884492,136.01357337686935,0.0,51.92158911619331,56.019354659500024,20.459788951234803,HIGH_RISK
3.03883969293937,123.58471168355628,123.07695504140453,10.404697883333638,70.06450669945852,21.049190665707684,0.4117029199497947,SAFE
2.339971017845377,75.594119177542,117.17179868710649,0.6728885093526973,43.85874242425014,19.619117670715024,43.137998636002095,HIGH_RISK
1.6213427390702577,130.21632028701677,87.51959091385439,7.609517427190707,106.3454672521649,27.744814375339,39.218821679601334,SAFE
0.5,94.26571229544821,125.81966857350409,0.0,34.686355746950355,39.90026105589298,28.674286455077517,HIGH_RISK
3.060018414924908,86.18324285391164,101.08090057460184,7.344200652731091,107.63243573645781,33.96913260520216,15.910849186541961,SAFE
1.0357351432800221,81.94102034455273,65.25195737553616,7.359723039072487,55.87219867723521,44.86520464472907,22.67643909039397,HIGH_RISK
0.8950306891737094,147.81720937474813,149.86480551284328,5.9210103600294826,20.61222776078143,10.88919140248414,1.375693549285027,SAFE
2.3624137376053023,104.26841515768028,143.95964549605105,0.0,89.20198376221504,21.637045332246778,31.979648258815125,HIGH_RISK
3.1418638234866,158.3431927479125,121.29152442127699,5.247740947990385,58.14753470987397,32.9120526982124,26.500048850671043,HIGH_RISK
2.561350050180785,106.60496342369255,125.72686720514257,0.0,76.27810245950594,69.1619712678567,16.460855776579724,HIGH_RISK
2.110150016028798,77.31605106017633,146.85795031788905,2.736183724519073,85.59639796356483,32.95137430855235,62.042787147677814,HIGH_RISK
2.127114887915907,92.08688900128352,125.60849141945206,9.14706550477663,63.44888885362563,54.53400074590937,30.796797206612283,HIGH_RISK
2.269378557329169,150.89529050017347,142.60043886903287,7.983509635353711,40.193978879679634,35.69399303811772,5.652451331382746,HIGH_RISK
2.217410724382721,116.10254555158332,112.56294497815375,4.075914712702166,79.39283444173125,26.294144526123766,3.0958764833552843,SAFE
1.9546552831831567,106.29281758773497,152.79959346434867,0.0,55.01888768636489,30.55896036594007,35.89975923089831,HIGH_RISK
1.857310607173532,124.0004556463197,128.0196431483171,7.227938560870967,72.14644546521048,31.96844518348014,3.1895769593142784,SAFE
1.7655737796552626,132.54456840418862,124.85129859014685,4.096906188490126,8.0,45.8656233012933,5.977772606745916,SAFE
1.385319476123328,147.93497039756153,88.2484727821992,0.0,66.1745429252463,59.74300281637798,50.54249088064531,HIGH_RISK
1.6456287077232743,156.21248074732316,127.17389635754272,7.913149131582591,39.03535437137425,41.47425525835378,20.493987527872477,HIGH_RISK
0.8688737521925379,111.00578385527285,99.20112706263872,3.878835830651539,96.33274092946326,56.36739821735159,11.231464028548519,SAFE
1.7459132052628876,86.84880784794905,104.04293183678764,10.012256239915361,70.57718369722738,17.63378472266566,18.014529090923677,SAFE
1.2562748910669954,109.6633709719181,99.61560929209698,0.0,60.996443646232414,27.53665084134745,9.602265518634894,SAFE
1.193025875531326,126.50701266457216,93.34412670251938,0.0,67.15774983375555,21.962554384262,30.168491332382676,HIGH_RISK
1.898941783134413,95.90602684473473,173.11928507542405,5.395419291725926,30.038978678082042,40.66000263574735,57.40222559697627,IMMOBILIZATION_RISK
2.5656012574895297,96.07122712762393,153.2834765497101,5.4578183834098635,95.58141726320135,28.538749066770553,45.888245602231784,HIGH_RISK
2.305074133301272,128.59469703874714,168.00918755360652,0.0,104.78426046042262,48.13591286661552,26.577191036476037,SAFE
0.9362246680072526,118.78369121073872,89.4276245111109,0.0,64.82283776370541,18.241969190616054,28.19833936292368,HIGH_RISK
1.2557045248863143,120.81992488528967,121.78134374777231,17.77608871859951,94.76008921434097,35.774557519783066,0.7925917847831256,SAFE
2.3174241533935187,101.03761663249827,87.6623093698976,2.4719469292309832,40.771295033186654,47.36344239822061,14.176271868205022,SAFE
1.2596319335539299,114.23998214485582,102.6076280700734,7.654794881881081,35.07216084437548,0.0,10.728597897161944,HIGH_RISK
1.6764517675016366,96.8941713932924,97.04682541458563,0.7467008631580816,56.023118718223074,73.18936353194366,0.1574231583892008,HIGH_RISK
2.102528654463504,142.25496027811968,150.98960016103905,0.0,65.87352595919747,29.90326607216224,5.957239152084186,SAFE
1.2674105498250006,145.8812333680938,110.09425804745601,3.1487087660204724,45.15033296892199,0.0,27.96125138600971,SAFE
1.857956528380278,73.84530344404766,146.7094833423504,2.671977198569474,68.4442047592121,37.84569017438215,66.07354205272355,HIGH_RISK
1.0662859777949876,96.76222849518975,135.10302223971294,2.0006088066581427,62.65973705183535,35.601982423516716,33.07161691801691,HIGH_RISK
1.4692477958268326,82.58676862274802,177.59096880261973,3.426795822468038,30.042330617723625,33.525901167695125,73.03023011884233,IMMOBILIZATION_RISK
1.9758800637783953,103.74940163982754,83.0138944215069,5.3213413582281825,67.96982543629304,52.84144003268,22.20512023038075,HIGH_RISK
0.9238534465575818,117.91405075524098,151.48083099467,3.249415243730967,76.58820606303803,48.45400948568701,24.92013212826387,HIGH_RISK
2.0422611058782194,83.75886950753674,148.6610217600182,0.0,59.28673293975977,40.361771438429216,55.849051385854075,HIGH_RISK
1.7891992105903254,96.95350467186717,95.66552904932414,6.430923957809695,83.81620258154231,43.10280141103966,1.3373295438781252,SAFE
2.1038694749294313,94.90106569796254,145.178333411829,0.0,24.564905162576203,33.121547910114444,41.88386667102077,HIGH_RISK
1.9231527737355638,125.1816832349736,128.40362407565573,0.0,66.6987605532963,66.95883528632086,2.5411100310598096,HIGH_RISK
2.5502772364856146,121.73360842590625,114.3130935011648,7.695902473507839,25.74298234008063,8.3744716695602,6.287327773835276,SAFE
